,NOME_SALA,REGISTRO_SALA,CNPJ_SALA,SITUACAO_SALA,DATA_SITUACAO_SALA,DATA_INICIO_FUNCIONAMENTO_SALA,ASSENTOS_SALA,ASSENTOS_CADEIRANTES,ASSENTOS_MOBILIDADE_REDUZIDA,ASSENTOS_OBESIDADE,ACESSO_ASSENTOS_COM_RAMPA,ACESSO_SALA_COM_RAMPA,BANHEIROS_ACESSIVEIS,NOME_COMPLEXO,REGISTRO_COMPLEXO,SITUACAO_COMPLEXO,DATA_SITUACAO_COMPLEXO,PAGINA_ELETRONICA_COMPLEXO,ENDERECO_COMPLEXO,NUMERO_ENDERECO_COMPLEXO,COMPLEMENTO_COMPLEXO,BAIRRO_COMPLEXO,MUNICIPIO_COMPLEXO,CEP_COMPLEXO,UF_COMPLEXO,COMPLEXO_ITINERANTE,OPERACAO_USUAL,NOME_EXIBIDOR,REGISTRO_EXIBIDOR,CNPJ_EXIBIDOR,SITUACAO_EXIBIDOR,NOME_GRUPO_EXIBIDOR
40,VILLAGE MALL 01,5003634.0,00.779.721/0058-87,EM FUNCIONAMENTO,24/04/2021,04/11/2012,90.0,2.0,1.0,1.0,SIM,NÃO,SIM,2106 CINEMARK VILLAGE MALL,22951,EM FUNCIONAMENTO,24/04/2021,WWW.CINEMARK.COM.BR,AV DAS AMÉRICAS ,3900.0,3º ANDAR LJ 305,BARRA DA TIJUCA ,RIO DE JANEIRO,22640-102,RJ,NÃO,COMERCIAL,CINEMARK BRASIL S.A,1843,00.779.721/0001-41,REGULAR,CINEMARK
41,VILLAGE MALL 02,5003635.0,00.779.721/0058-87,EM FUNCIONAMENTO,24/04/2021,04/11/2012,90.0,2.0,1.0,1.0,SIM,NÃO,SIM,2106 CINEMARK VILLAGE MALL,22951,EM FUNCIONAMENTO,24/04/2021,WWW.CINEMARK.COM.BR,AV DAS AMÉRICAS ,3900.0,3º ANDAR LJ 305,BARRA DA TIJUCA ,RIO DE JANEIRO,22640-102,RJ,NÃO,COMERCIAL,CINEMARK BRASIL S.A,1843,00.779.721/0001-41,REGULAR,CINEMARK
42,VILLAGE MALL 03,5003636.0,00.779.721/0058-87,EM FUNCIONAMENTO,24/04/2021,04/11/2012,90.0,2.0,1.0,1.0,SIM,NÃO,SIM,2106 CINEMARK VILLAGE MALL,22951,EM FUNCIONAMENTO,24/04/2021,WWW.CINEMARK.COM.BR,AV DAS AMÉRICAS ,3900.0,3º ANDAR LJ 305,BARRA DA TIJUCA ,RIO DE JANEIRO,22640-102,RJ,NÃO,COMERCIAL,CINEMARK BRASIL S.A,1843,00.779.721/0001-41,REGULAR,CINEMARK
43,VILLAGE MALL 04,5003637.0,00.779.721/0058-87,EM FUNCIONAMENTO,24/04/2021,04/11/2012,76.0,2.0,1.0,1.0,SIM,NÃO,SIM,2106 CINEMARK VILLAGE MALL,22951,EM FUNCIONAMENTO,24/04/2021,WWW.CINEMARK.COM.BR,AV DAS AMÉRICAS ,3900.0,3º ANDAR LJ 305,BARRA DA TIJUCA ,RIO DE JANEIRO,22640-102,RJ,NÃO,COMERCIAL,CINEMARK BRASIL S.A,1843,00.779.721/0001-41,REGULAR,CINEMARK
82,SALA METROPOLITANO BARRA 01,5004742.0,00.779.721/0069-30,EM FUNCIONAMENTO,24/04/2021,18/06/2014,127.0,2.0,,,SIM,NÃO,SIM,2112 CINEMARK METROPOLITANO BARRA,27386,EM FUNCIONAMENTO,24/04/2021,,"AV.4 PAA 10,292/PAL38,863",2002.0,SHOP METROPOLIT,JACAREPAGUÁ,RIO DE JANEIRO,22750-000,RJ,NÃO,COMERCIAL,CINEMARK BRASIL S.A,1843,00.779.721/0001-41,REGULAR,CINEMARK
83,SALA METROPOLITANO BARRA 02,5004743.0,00.779.721/0069-30,EM FUNCIONAMENTO,24/04/2021,18/06/2014,260.0,4.0,,,SIM,NÃO,SIM,2112 CINEMARK METROPOLITANO BARRA,27386,EM FUNCIONAMENTO,24/04/2021,,"AV.4 PAA 10,292/PAL38,863",2002.0,SHOP METROPOLIT,JACAREPAGUÁ,RIO DE JANEIRO,22750-000,RJ,NÃO,COMERCIAL,CINEMARK BRASIL S.A,1843,00.779.721/0001-41,REGULAR,CINEMARK
84,SALA METROPOLITANO BARRA 03,5004744.0,00.779.721/0069-30,EM FUNCIONAMENTO,24/04/2021,18/06/2014,230.0,4.0,,,SIM,NÃO,SIM,2112 CINEMARK METROPOLITANO BARRA,27386,EM FUNCIONAMENTO,24/04/2021,,"AV.4 PAA 10,292/PAL38,863",2002.0,SHOP METROPOLIT,JACAREPAGUÁ,RIO DE JANEIRO,22750-000,RJ,NÃO,COMERCIAL,CINEMARK BRASIL S.A,1843,00.779.721/0001-41,REGULAR,CINEMARK
85,SALA METROPOLITANO BARRA 04,5004745.0,00.779.721/0069-30,EM FUNCIONAMENTO,01/07/2021,18/06/2014,230.0,4.0,,,SIM,NÃO,SIM,2112 CINEMARK METROPOLITANO BARRA,27386,EM FUNCIONAMENTO,24/04/2021,,"AV.4 PAA 10,292/PAL38,863",2002.0,SHOP METROPOLIT,JACAREPAGUÁ,RIO DE JANEIRO,22750-000,RJ,NÃO,COMERCIAL,CINEMARK BRASIL S.A,1843,00.779.721/0001-41,REGULAR,CINEMARK
86,SALA METROPOLITANO BARRA 05,5004746.0,00.779.721/0069-30,EM FUNCIONAMENTO,24/04/2021,18/06/2014,137.0,2.0,,,SIM,NÃO,SIM,2112 CINEMARK METROPOLITANO BARRA,27386,EM FUNCIONAMENTO,24/04/2021,,"AV.4 PAA 10,292/PAL38,863",2002.0,SHOP METROPOLIT,JACAREPAGUÁ,RIO DE JANEIRO,22750-000,RJ,NÃO,COMERCIAL,CINEMARK BRASIL S.A,1843,00.779.721/0001-41,REGULAR,CINEMARK
87,SALA METROPOLITANO BARRA 06,5004747.0,00.779.721/0069-30,EM FUNCIONAMENTO,24/04/2021,18/06/2014,193.0,2.0,,,SIM,NÃO,SIM,2112 CINEMARK METROPOLITANO BARRA,27386,EM FUNCIONAMENTO,24/04/2021,,"AV.4 PAA 10,292/PAL38,863",2002.0,SHOP METROPOLIT,JACAREPAGUÁ,RIO DE JANEIRO,22750-000,RJ,NÃO,COMERCIAL,CINEMARK BRASIL S.A,1843,00.779.721/0001-41,REGULAR,CINEMARK
88,SALA METROPOLITANO BARRA 07,5004748.0,00.779.721/0069-30,EM FUNCIONAMENTO,24/04/2021,18/06/2014,380.0,6.0,,,SIM,NÃO,SIM,2112 CINEMARK METROPOLITANO BARRA,27386,EM FUNCIONAMENTO,24/04/2021,,"AV.4 PAA 10,292/PAL38,863",2002.0,SHOP METROPOLIT,JACAREPAGUÁ,RIO DE JANEIRO,22750-000,RJ,NÃO,COMERCIAL,CINEMARK BRASIL S.A,1843,00.779.721/0001-41,REGULAR,CINEMARK
291,CARIOCA SHOPPING 1,5000235.0,00.779.721/0029-42,EM FUNCIONAMENTO,24/04/2021,13/07/2001,282.0,4.0,3.0,3.0,SIM,NÃO,SIM,692 CINEMARK CARIOCA,2525,EM FUNCIONAMENTO,24/04/2021,HTTP://WWW.CINEMARK.COM.BR,ESTRADA VICENTE DE CARVALHO ,909.0,SEGUNDO PAVIMENTO,VILA KOSMOS,RIO DE JANEIRO,21220-201,RJ,NÃO,COMERCIAL,CINEMARK BRASIL S.A,1843,00.779.721/0001-41,REGULAR,CINEMARK
292,CARIOCA SHOPPING 2,5000236.0,00.779.721/0029-42,EM FUNCIONAMENTO,01/07/2021,13/07/2001,188.0,2.0,1.0,1.0,SIM,NÃO,SIM,692 CINEMARK CARIOCA,2525,EM FUNCIONAMENTO,24/04/2021,HTTP://WWW.CINEMARK.COM.BR,ESTRADA VICENTE DE CARVALHO ,909.0,SEGUNDO PAVIMENTO,VILA KOSMOS,RIO DE JANEIRO,21220-201,RJ,NÃO,COMERCIAL,CINEMARK BRASIL S.A,1843,00.779.721/0001-41,REGULAR,CINEMARK
293,CARIOCA SHOPPING 3,5000237.0,00.779.721/0029-42,EM FUNCIONAMENTO,24/04/2021,13/07/2001,228.0,2.0,1.0,1.0,SIM,NÃO,SIM,692 CINEMARK CARIOCA,2525,EM FUNCIONAMENTO,24/04/2021,HTTP://WWW.CINEMARK.COM.BR,ESTRADA VICENTE DE CARVALHO ,909.0,SEGUNDO PAVIMENTO,VILA KOSMOS,RIO DE JANEIRO,21220-201,RJ,NÃO,COMERCIAL,CINEMARK BRASIL S.A,1843,00.779.721/0001-41,REGULAR,CINEMARK
294,CARIOCA SHOPPING 4,5000240.0,00.779.721/0029-42,EM FUNCIONAMENTO,24/04/2021,13/07/2001,228.0,2.0,1.0,1.0,SIM,NÃO,SIM,692 CINEMARK CARIOCA,2525,EM FUNCIONAMENTO,24/04/2021,HTTP://WWW.CINEMARK.COM.BR,ESTRADA VICENTE DE CARVALHO ,909.0,SEGUNDO PAVIMENTO,VILA KOSMOS,RIO DE JANEIRO,21220-201,RJ,NÃO,COMERCIAL,CINEMARK BRASIL S.A,1843,00.779.721/0001-41,REGULAR,CINEMARK
297,CARIOCA SHOPPING 5,5000241.0,00.779.721/0029-42,EM FUNCIONAMENTO,24/04/2021,13/07/2001,188.0,2.0,1.0,1.0,SIM,NÃO,SIM,692 CINEMARK CARIOCA,2525,EM FUNCIONAMENTO,24/04/2021,HTTP://WWW.CINEMARK.COM.BR,ESTRADA VICENTE DE CARVALHO ,909.0,SEGUNDO PAVIMENTO,VILA KOSMOS,RIO DE JANEIRO,21220-201,RJ,NÃO,COMERCIAL,CINEMARK BRASIL S.A,1843,00.779.721/0001-41,REGULAR,CINEMARK
298,CARIOCA SHOPPING 6,5000242.0,00.779.721/0029-42,EM FUNCIONAMENTO,24/04/2021,13/07/2001,282.0,4.0,3.0,2.0,SIM,NÃO,SIM,692 CINEMARK CARIOCA,2525,EM FUNCIONAMENTO,24/04/2021,HTTP://WWW.CINEMARK.COM.BR,ESTRADA VICENTE DE CARVALHO ,909.0,SEGUNDO PAVIMENTO,VILA KOSMOS,RIO DE JANEIRO,21220-201,RJ,NÃO,COMERCIAL,CINEMARK BRASIL S.A,1843,00.779.721/0001-41,REGULAR,CINEMARK
517,DOWTOWN 1,5000702.0,00.779.721/0009-07,EM FUNCIONAMENTO,30/04/2021,29/07/1998,119.0,4.0,1.0,1.0,SIM,NÃO,SIM,719 CINEMARK DOWNTOWN,899,EM FUNCIONAMENTO,24/04/2021,HTTP://WWW.CINEMARK.COM.BR,AV. DAS AMÉRICAS,500.0,BLOCO 17 - 2º ANDAR,BARRA DA TIJUCA,RIO DE JANEIRO,22640-000,RJ,NÃO,COMERCIAL,CINEMARK BRASIL S.A,1843,00.779.721/0001-41,REGULAR,CINEMARK
518,DOWTOWN 10,5000711.0,00.779.721/0009-07,EM FUNCIONAMENTO,24/04/2021,29/07/1998,178.0,2.0,1.0,1.0,SIM,NÃO,SIM,719 CINEMARK DOWNTOWN,899,EM FUNCIONAMENTO,24/04/2021,HTTP://WWW.CINEMARK.COM.BR,AV. DAS AMÉRICAS,500.0,BLOCO 17 - 2º ANDAR,BARRA DA TIJUCA,RIO DE JANEIRO,22640-000,RJ,NÃO,COMERCIAL,CINEMARK BRASIL S.A,1843,00.779.721/0001-41,REGULAR,CINEMARK
519,DOWTOWN 11,5000712.0,00.779.721/0009-07,EM FUNCIONAMENTO,24/04/2021,29/07/1998,150.0,2.0,1.0,1.0,SIM,NÃO,SIM,719 CINEMARK DOWNTOWN,899,EM FUNCIONAMENTO,24/04/2021,HTTP://WWW.CINEMARK.COM.BR,AV. DAS AMÉRICAS,500.0,BLOCO 17 - 2º ANDAR,BARRA DA TIJUCA,RIO DE JANEIRO,22640-000,RJ,NÃO,COMERCIAL,CINEMARK BRASIL S.A,1843,00.779.721/0001-41,REGULAR,CINEMARK
520,DOWTOWN 12,5000713.0,00.779.721/0009-07,EM FUNCIONAMENTO,24/04/2021,26/05/1998,248.0,4.0,3.0,3.0,SIM,NÃO,SIM,719 CINEMARK DOWNTOWN,899,EM FUNCIONAMENTO,24/04/2021,HTTP://WWW.CINEMARK.COM.BR,AV. DAS AMÉRICAS,500.0,BLOCO 17 - 2º ANDAR,BARRA DA TIJUCA,RIO DE JANEIRO,22640-000,RJ,NÃO,COMERCIAL,CINEMARK BRASIL S.A,1843,00.779.721/0001-41,REGULAR,CINEMARK
521,DOWTOWN 2,5000703.0,00.779.721/0009-07,EM FUNCIONAMENTO,30/04/2021,29/07/1998,132.0,1.0,1.0,1.0,SIM,NÃO,SIM,719 CINEMARK DOWNTOWN,899,EM FUNCIONAMENTO,24/04/2021,HTTP://WWW.CINEMARK.COM.BR,AV. DAS AMÉRICAS,500.0,BLOCO 17 - 2º ANDAR,BARRA DA TIJUCA,RIO DE JANEIRO,22640-000,RJ,NÃO,COMERCIAL,CINEMARK BRASIL S.A,1843,00.779.721/0001-41,REGULAR,CINEMARK
522,DOWTOWN 3,5000704.0,00.779.721/0009-07,EM FUNCIONAMENTO,24/04/2021,29/07/1998,235.0,4.0,3.0,3.0,SIM,NÃO,SIM,719 CINEMARK DOWNTOWN,899,EM FUNCIONAMENTO,24/04/2021,HTTP://WWW.CINEMARK.COM.BR,AV. DAS AMÉRICAS,500.0,BLOCO 17 - 2º ANDAR,BARRA DA TIJUCA,RIO DE JANEIRO,22640-000,RJ,NÃO,COMERCIAL,CINEMARK BRASIL S.A,1843,00.779.721/0001-41,REGULAR,CINEMARK
523,DOWTOWN 4,5000705.0,00.779.721/0009-07,EM FUNCIONAMENTO,24/04/2021,29/07/1998,267.0,2.0,3.0,3.0,SIM,NÃO,SIM,719 CINEMARK DOWNTOWN,899,EM FUNCIONAMENTO,24/04/2021,HTTP://WWW.CINEMARK.COM.BR,AV. DAS AMÉRICAS,500.0,BLOCO 17 - 2º ANDAR,BARRA DA TIJUCA,RIO DE JANEIRO,22640-000,RJ,NÃO,COMERCIAL,CINEMARK BRASIL S.A,1843,00.779.721/0001-41,REGULAR,CINEMARK
524,DOWTOWN 5,5000706.0,00.779.721/0009-07,EM FUNCIONAMENTO,24/04/2021,29/07/1998,161.0,2.0,1.0,1.0,SIM,NÃO,SIM,719 CINEMARK DOWNTOWN,899,EM FUNCIONAMENTO,24/04/2021,HTTP://WWW.CINEMARK.COM.BR,AV. DAS AMÉRICAS,500.0,BLOCO 17 - 2º ANDAR,BARRA DA TIJUCA,RIO DE JANEIRO,22640-000,RJ,NÃO,COMERCIAL,CINEMARK BRASIL S.A,1843,00.779.721/0001-41,REGULAR,CINEMARK
525,DOWTOWN 6,5000707.0,00.779.721/0009-07,EM FUNCIONAMENTO,24/04/2021,29/07/1998,178.0,2.0,1.0,1.0,SIM,NÃO,SIM,719 CINEMARK DOWNTOWN,899,EM FUNCIONAMENTO,24/04/2021,HTTP://WWW.CINEMARK.COM.BR,AV. DAS AMÉRICAS,500.0,BLOCO 17 - 2º ANDAR,BARRA DA TIJUCA,RIO DE JANEIRO,22640-000,RJ,NÃO,COMERCIAL,CINEMARK BRASIL S.A,1843,00.779.721/0001-41,REGULAR,CINEMARK
526,DOWTOWN 7,5000708.0,00.779.721/0009-07,EM FUNCIONAMENTO,24/04/2021,24/07/1998,155.0,2.0,1.0,1.0,SIM,NÃO,SIM,719 CINEMARK DOWNTOWN,899,EM FUNCIONAMENTO,24/04/2021,HTTP://WWW.CINEMARK.COM.BR,AV. DAS AMÉRICAS,500.0,BLOCO 17 - 2º ANDAR,BARRA DA TIJUCA,RIO DE JANEIRO,22640-000,RJ,NÃO,COMERCIAL,CINEMARK BRASIL S.A,1843,00.779.721/0001-41,REGULAR,CINEMARK
527,DOWTOWN 8,5000709.0,00.779.721/0009-07,EM FUNCIONAMENTO,24/04/2021,24/07/1998,284.0,6.0,3.0,3.0,SIM,NÃO,SIM,719 CINEMARK DOWNTOWN,899,EM FUNCIONAMENTO,24/04/2021,HTTP://WWW.CINEMARK.COM.BR,AV. DAS AMÉRICAS,500.0,BLOCO 17 - 2º ANDAR,BARRA DA TIJUCA,RIO DE JANEIRO,22640-000,RJ,NÃO,COMERCIAL,CINEMARK BRASIL S.A,1843,00.779.721/0001-41,REGULAR,CINEMARK
528,DOWTOWN 9,5000710.0,00.779.721/0009-07,EM FUNCIONAMENTO,24/04/2021,24/07/1998,155.0,2.0,1.0,1.0,SIM,NÃO,SIM,719 CINEMARK DOWNTOWN,899,EM FUNCIONAMENTO,24/04/2021,HTTP://WWW.CINEMARK.COM.BR,AV. DAS AMÉRICAS,500.0,BLOCO 17 - 2º ANDAR,BARRA DA TIJUCA,RIO DE JANEIRO,22640-000,RJ,NÃO,COMERCIAL,CINEMARK BRASIL S.A,1843,00.779.721/0001-41,REGULAR,CINEMARK
591,BOTAFOGO 1,5000337.0,00.779.721/0020-04,EM FUNCIONAMENTO,24/04/2021,03/12/1999,124.0,2.0,1.0,1.0,SIM,NÃO,SIM,728 CINEMARK BOTAFOGO,2541,EM FUNCIONAMENTO,24/04/2021,HTTP://WWW.CINEMARK.COM.BR,PRAIA DE BOTAFOGO,400.0,SALAS 811 A 816,BOTAFOGO,RIO DE JANEIRO,22250-040,RJ,NÃO,COMERCIAL,CINEMARK BRASIL S.A,1843,00.779.721/0001-41,REGULAR,CINEMARK
592,BOTAFOGO 2,5000338.0,00.779.721/0020-04,EM FUNCIONAMENTO,24/04/2021,03/12/1999,139.0,2.0,1.0,1.0,SIM,NÃO,SIM,728 CINEMARK BOTAFOGO,2541,EM FUNCIONAMENTO,24/04/2021,HTTP://WWW.CINEMARK.COM.BR,PRAIA DE BOTAFOGO,400.0,SALAS 811 A 816,BOTAFOGO,RIO DE JANEIRO,22250-040,RJ,NÃO,COMERCIAL,CINEMARK BRASIL S.A,1843,00.779.721/0001-41,REGULAR,CINEMARK
593,BOTAFOGO 3,5000339.0,00.779.721/0020-04,EM FUNCIONAMENTO,24/04/2021,03/12/1999,219.0,3.0,3.0,3.0,SIM,NÃO,SIM,728 CINEMARK BOTAFOGO,2541,EM FUNCIONAMENTO,24/04/2021,HTTP://WWW.CINEMARK.COM.BR,PRAIA DE BOTAFOGO,400.0,SALAS 811 A 816,BOTAFOGO,RIO DE JANEIRO,22250-040,RJ,NÃO,COMERCIAL,CINEMARK BRASIL S.A,1843,00.779.721/0001-41,REGULAR,CINEMARK
594,BOTAFOGO 4,5000340.0,00.779.721/0020-04,EM FUNCIONAMENTO,24/04/2021,03/12/1999,186.0,4.0,1.0,1.0,SIM,NÃO,SIM,728 CINEMARK BOTAFOGO,2541,EM FUNCIONAMENTO,24/04/2021,HTTP://WWW.CINEMARK.COM.BR,PRAIA DE BOTAFOGO,400.0,SALAS 811 A 816,BOTAFOGO,RIO DE JANEIRO,22250-040,RJ,NÃO,COMERCIAL,CINEMARK BRASIL S.A,1843,00.779.721/0001-41,REGULAR,CINEMARK
595,BOTAFOGO 5,5000341.0,00.779.721/0020-04,EM FUNCIONAMENTO,17/06/2021,03/12/1999,301.0,3.0,3.0,3.0,SIM,NÃO,SIM,728 CINEMARK BOTAFOGO,2541,EM FUNCIONAMENTO,24/04/2021,HTTP://WWW.CINEMARK.COM.BR,PRAIA DE BOTAFOGO,400.0,SALAS 811 A 816,BOTAFOGO,RIO DE JANEIRO,22250-040,RJ,NÃO,COMERCIAL,CINEMARK BRASIL S.A,1843,00.779.721/0001-41,REGULAR,CINEMARK
596,BOTAFOGO 6,5000342.0,00.779.721/0020-04,EM FUNCIONAMENTO,09/09/2021,03/12/1999,290.0,3.0,3.0,3.0,SIM,NÃO,SIM,728 CINEMARK BOTAFOGO,2541,EM FUNCIONAMENTO,24/04/2021,HTTP://WWW.CINEMARK.COM.BR,PRAIA DE BOTAFOGO,400.0,SALAS 811 A 816,BOTAFOGO,RIO DE JANEIRO,22250-040,RJ,NÃO,COMERCIAL,CINEMARK BRASIL S.A,1843,00.779.721/0001-41,REGULAR,CINEMARK
897,ARCOS DIGITAL FILMES,5005196.0,00.629.628/0001-50,EM FUNCIONAMENTO,10/09/2015,10/09/2015,88.0,2.0,2.0,2.0,SIM,NÃO,SIM,ARCOS DIGITAL FILMES,30234,EM FUNCIONAMENTO,10/09/2015,,RUA DOS ARCOS,0.0,28,CENTRO,RIO DE JANEIRO,20230-060,RJ,NÃO,NÃO COMERCIAL,ARCOS DIGITAL FILMES LTDA,1095,00.629.628/0001-50,REGULAR,NÃO PERTENCE A NENHUM GRUPO EXIBIDOR
941,ASSOCIAÇÃO CULTURAL TELA BRASILIS,5002327.0,08.605.319/0001-52,EM FUNCIONAMENTO,18/01/2007,18/01/2007,180.0,,,,NÃO,NÃO,NÃO,ASSOCIAÇÃO CULTURAL TELA BRASILIS,14337,EM FUNCIONAMENTO,11/09/2008,,AVENIDA INFANTE DOM HENRIQUE 85,,,ATERRO DO FLAMENGO,RIO DE JANEIRO,20021-140,RJ,NÃO,NÃO COMERCIAL,ASSOCIAÇÃO CULTURAL TELA BRASILIS,14336,08.605.319/0001-52,IRREGULAR,NÃO PERTENCE A NENHUM GRUPO EXIBIDOR
1157,SALA DE CINEMA - EDUARDO COUTINHO,5002399.0,05.478.372/0001-41,EM FUNCIONAMENTO,01/02/2010,01/02/2010,55.0,,,,NÃO,NÃO,NÃO,CENTRO CULTURAL DERCY GONÇALVES,14779,EM FUNCIONAMENTO,23/12/2008,,RUA RETIRO DOS ARTISTAS 571,,,PECHINCHA - JACAREPAGUÁ,RIO DE JANEIRO,22770-102,RJ,NÃO,NÃO COMERCIAL,CENTRO CULTURAL DERCY GONÇALVES,14778,05.478.372/0001-41,IRREGULAR,NÃO PERTENCE A NENHUM GRUPO EXIBIDOR
1356,CINE CARIOCA NOVA BRASÍLIA,5006698.0,36.563.373/0001-18,EM FUNCIONAMENTO,17/10/2021,17/10/2021,91.0,3.0,1.0,2.0,SIM,NÃO,SIM,CINE CARIOCA NOVA BRASÍLIA,49753,EM FUNCIONAMENTO,17/10/2021,,Rua Projetada / Rua nova Brasília,0.0,,COMPLEXO DO ALEMAO,RIO DE JANEIRO,21061-060,RJ,NÃO,COMERCIAL,WELLINGTON CARDOSO DA LUZ CINEMAS LTDA,45451,36.563.373/0001-18,REGULAR,NÃO PERTENCE A NENHUM GRUPO EXIBIDOR
1427,CINE ESTAÇÃO NET BOTAFOGO SALA 1,5000848.0,29.171.311/0001-03,EM FUNCIONAMENTO,20/05/2021,11/12/1985,251.0,2.0,25.0,0.0,SIM,NÃO,SIM,CINE ESTAÇÃO BOTAFOGO,6713,EM FUNCIONAMENTO,20/05/2021,www.grupoestacao.com.br,RUA VOLUNTÁRIOS DA PÁTRIA,88.0,"LOJAS B, C, D, E, F, H, I",BOTAFOGO,RIO DE JANEIRO,22270-010,RJ,NÃO,COMERCIAL,CINECLUBE PAU BRASIL,2685,29.171.311/0001-03,REGULAR,ESTAÇÃO
1428,CINE ESTAÇÃO NET BOTAFOGO SALA 2,5000849.0,29.171.311/0001-03,EM FUNCIONAMENTO,26/01/2023,11/12/1985,33.0,1.0,4.0,0.0,SIM,NÃO,SIM,CINE ESTAÇÃO BOTAFOGO,6713,EM FUNCIONAMENTO,20/05/2021,www.grupoestacao.com.br,RUA VOLUNTÁRIOS DA PÁTRIA,88.0,"LOJAS B, C, D, E, F, H, I",BOTAFOGO,RIO DE JANEIRO,22270-010,RJ,NÃO,COMERCIAL,CINECLUBE PAU BRASIL,2685,29.171.311/0001-03,REGULAR,ESTAÇÃO
1429,CINE ESTAÇÃO NET BOTAFOGO SALA 3,5000850.0,29.171.311/0001-03,EM FUNCIONAMENTO,18/11/2021,11/12/1985,68.0,2.0,6.0,0.0,SIM,NÃO,SIM,CINE ESTAÇÃO BOTAFOGO,6713,EM FUNCIONAMENTO,20/05/2021,www.grupoestacao.com.br,RUA VOLUNTÁRIOS DA PÁTRIA,88.0,"LOJAS B, C, D, E, F, H, I",BOTAFOGO,RIO DE JANEIRO,22270-010,RJ,NÃO,COMERCIAL,CINECLUBE PAU BRASIL,2685,29.171.311/0001-03,REGULAR,ESTAÇÃO
1434,ESTAÇÃO NET GÁVEA 1,5002216.0,02.745.624/0005-97,EM FUNCIONAMENTO,22/04/2021,26/12/2007,77.0,2.0,3.0,0.0,SIM,NÃO,SIM,CINE ESTAÇÃO NET GÁVEA,13608,EM FUNCIONAMENTO,22/04/2021,,RUA MARQUES DE SÃO VICENTE,52.0,SALA 403,GAVEA,RIO DE JANEIRO,22451-040,RJ,NÃO,COMERCIAL,ESTAÇÃO CINEMA E CULTURA LTDA,592,02.745.624/0001-63,REGULAR,ESTAÇÃO
1435,ESTAÇÃO NET GÁVEA 2,5002217.0,02.745.624/0005-97,EM FUNCIONAMENTO,22/07/2021,26/12/2007,126.0,2.0,5.0,0.0,SIM,NÃO,SIM,CINE ESTAÇÃO NET GÁVEA,13608,EM FUNCIONAMENTO,22/04/2021,,RUA MARQUES DE SÃO VICENTE,52.0,SALA 403,GAVEA,RIO DE JANEIRO,22451-040,RJ,NÃO,COMERCIAL,ESTAÇÃO CINEMA E CULTURA LTDA,592,02.745.624/0001-63,REGULAR,ESTAÇÃO
1436,ESTAÇÃO NET GÁVEA 3,5002218.0,02.745.624/0005-97,EM FUNCIONAMENTO,22/04/2021,26/12/2007,91.0,2.0,4.0,0.0,SIM,NÃO,SIM,CINE ESTAÇÃO NET GÁVEA,13608,EM FUNCIONAMENTO,22/04/2021,,RUA MARQUES DE SÃO VICENTE,52.0,SALA 403,GAVEA,RIO DE JANEIRO,22451-040,RJ,NÃO,COMERCIAL,ESTAÇÃO CINEMA E CULTURA LTDA,592,02.745.624/0001-63,REGULAR,ESTAÇÃO
1437,ESTAÇÃO NET GÁVEA 4,5002219.0,02.745.624/0005-97,EM FUNCIONAMENTO,22/04/2021,26/12/2007,84.0,2.0,5.0,0.0,SIM,NÃO,SIM,CINE ESTAÇÃO NET GÁVEA,13608,EM FUNCIONAMENTO,22/04/2021,,RUA MARQUES DE SÃO VICENTE,52.0,SALA 403,GAVEA,RIO DE JANEIRO,22451-040,RJ,NÃO,COMERCIAL,ESTAÇÃO CINEMA E CULTURA LTDA,592,02.745.624/0001-63,REGULAR,ESTAÇÃO
1438,ESTAÇÃO NET GÁVEA 5,5002220.0,02.745.624/0005-97,EM FUNCIONAMENTO,22/04/2021,26/12/2007,156.0,2.0,11.0,0.0,SIM,NÃO,SIM,CINE ESTAÇÃO NET GÁVEA,13608,EM FUNCIONAMENTO,22/04/2021,,RUA MARQUES DE SÃO VICENTE,52.0,SALA 403,GAVEA,RIO DE JANEIRO,22451-040,RJ,NÃO,COMERCIAL,ESTAÇÃO CINEMA E CULTURA LTDA,592,02.745.624/0001-63,REGULAR,ESTAÇÃO
1439,CINE ESTAÇÃO NET RIO - SALA 1,5001565.0,02.745.624/0004-06,EM FUNCIONAMENTO,21/09/2022,07/09/1998,56.0,1.0,6.0,0.0,SIM,NÃO,SIM,CINE ESTAÇÃO NET RIO,5126,EM FUNCIONAMENTO,29/04/2021,www.grupoestacao.com.br,RUA VOLUNTÁRIOS DA PÁTRIA,35.0,ÁREA INTERIOR,BOTAFOGO,RIO DE JANEIRO,22270-010,RJ,NÃO,COMERCIAL,ESTAÇÃO CINEMA E CULTURA LTDA,592,02.745.624/0001-63,REGULAR,ESTAÇÃO
1440,CINE ESTAÇÃO NET RIO - SALA 2,5001566.0,02.745.624/0004-06,EM FUNCIONAMENTO,29/07/2021,07/09/1998,79.0,1.0,6.0,0.0,SIM,NÃO,SIM,CINE ESTAÇÃO NET RIO,5126,EM FUNCIONAMENTO,29/04/2021,www.grupoestacao.com.br,RUA VOLUNTÁRIOS DA PÁTRIA,35.0,ÁREA INTERIOR,BOTAFOGO,RIO DE JANEIRO,22270-010,RJ,NÃO,COMERCIAL,ESTAÇÃO CINEMA E CULTURA LTDA,592,02.745.624/0001-63,REGULAR,ESTAÇÃO
1441,CINE ESTAÇÃO NET RIO - SALA 3,5001567.0,02.745.624/0004-06,EM FUNCIONAMENTO,29/04/2021,07/09/1998,108.0,1.0,7.0,0.0,SIM,NÃO,SIM,CINE ESTAÇÃO NET RIO,5126,EM FUNCIONAMENTO,29/04/2021,www.grupoestacao.com.br,RUA VOLUNTÁRIOS DA PÁTRIA,35.0,ÁREA INTERIOR,BOTAFOGO,RIO DE JANEIRO,22270-010,RJ,NÃO,COMERCIAL,ESTAÇÃO CINEMA E CULTURA LTDA,592,02.745.624/0001-63,REGULAR,ESTAÇÃO
1442,CINE ESTAÇÃO NET RIO - SALA 4,5005176.0,02.745.624/0004-06,EM FUNCIONAMENTO,29/04/2021,15/05/2015,106.0,1.0,7.0,0.0,SIM,NÃO,SIM,CINE ESTAÇÃO NET RIO,5126,EM FUNCIONAMENTO,29/04/2021,www.grupoestacao.com.br,RUA VOLUNTÁRIOS DA PÁTRIA,35.0,ÁREA INTERIOR,BOTAFOGO,RIO DE JANEIRO,22270-010,RJ,NÃO,COMERCIAL,ESTAÇÃO CINEMA E CULTURA LTDA,592,02.745.624/0001-63,REGULAR,ESTAÇÃO
1443,CINE ESTAÇÃO NET RIO - SALA 5,5005177.0,02.745.624/0004-06,EM FUNCIONAMENTO,29/04/2021,15/05/2015,106.0,2.0,9.0,0.0,SIM,NÃO,SIM,CINE ESTAÇÃO NET RIO,5126,EM FUNCIONAMENTO,29/04/2021,www.grupoestacao.com.br,RUA VOLUNTÁRIOS DA PÁTRIA,35.0,ÁREA INTERIOR,BOTAFOGO,RIO DE JANEIRO,22270-010,RJ,NÃO,COMERCIAL,ESTAÇÃO CINEMA E CULTURA LTDA,592,02.745.624/0001-63,REGULAR,ESTAÇÃO
1957,CINE TEATRO REX,5001381.0,30.831.184/0001-00,EM FUNCIONAMENTO,21/09/2004,21/09/2004,234.0,1.0,1.0,1.0,NÃO,NÃO,SIM,CINE TEATRO REX,2951,EM FUNCIONAMENTO,28/12/2004,HTTP://WWW.CINEMASTAR.COM.BR,RUA ÁLVARO ALVIM,33.0,PARTE 37,CENTRO,RIO DE JANEIRO,20211-250,RJ,NÃO,NÃO COMERCIAL,CINEMATOGRÁFICA IGUAÇU LTDA,2740,30.831.184/0001-00,IRREGULAR,NÃO PERTENCE A NENHUM GRUPO EXIBIDOR
2129,CINECARIOCA MEIER 01,5003573.0,33.497.660/0011-50,EM FUNCIONAMENTO,15/07/2021,10/10/2012,183.0,4.0,1.0,1.0,SIM,NÃO,SIM,CINECARIOCA MEIER,22589,EM FUNCIONAMENTO,15/07/2021,WWW.KINOPLEX.COM.BR,RUA DIAS DA CRUZ (CENTRO CULTURAL JOÃO NOGUEIRA),170.0,,MEIER,RIO DE JANEIRO,20720-012,RJ,NÃO,COMERCIAL,EMPRESA CINEMAS SÃO LUIZ S/A,1991,33.497.660/0001-89,REGULAR,KINOPLEX
2130,CINECARIOCA MEIER 02,5003574.0,33.497.660/0011-50,EM FUNCIONAMENTO,15/07/2021,10/10/2012,111.0,4.0,1.0,1.0,SIM,NÃO,SIM,CINECARIOCA MEIER,22589,EM FUNCIONAMENTO,15/07/2021,WWW.KINOPLEX.COM.BR,RUA DIAS DA CRUZ (CENTRO CULTURAL JOÃO NOGUEIRA),170.0,,MEIER,RIO DE JANEIRO,20720-012,RJ,NÃO,COMERCIAL,EMPRESA CINEMAS SÃO LUIZ S/A,1991,33.497.660/0001-89,REGULAR,KINOPLEX
2131,CINECARIOCA MEIER 03,5003575.0,33.497.660/0011-50,EM FUNCIONAMENTO,15/07/2021,10/10/2012,111.0,4.0,1.0,1.0,SIM,NÃO,SIM,CINECARIOCA MEIER,22589,EM FUNCIONAMENTO,15/07/2021,WWW.KINOPLEX.COM.BR,RUA DIAS DA CRUZ (CENTRO CULTURAL JOÃO NOGUEIRA),170.0,,MEIER,RIO DE JANEIRO,20720-012,RJ,NÃO,COMERCIAL,EMPRESA CINEMAS SÃO LUIZ S/A,1991,33.497.660/0001-89,REGULAR,KINOPLEX
2206,CINEFLIX RIO SALA 01,5007083.0,04.533.831/0012-32,EM FUNCIONAMENTO,01/02/2024,18/12/2023,64.0,2.0,2.0,0.0,SIM,SIM,NÃO,CINEFLIX - RIO DE JANEIRO,57045,EM FUNCIONAMENTO,01/02/2024,www.cineflix.com.br,AV. GEREMARIO DANTAS,404.0,LJ 343,TANQUE,RIO DE JANEIRO,22735-015,RJ,NÃO,COMERCIAL,MOVIESYSTEM CINEMATOGRAFICA LTDA,2379,04.533.831/0001-80,REGULAR,CINEFLIX
2207,CINEFLIX RIO SALA 02,5007084.0,04.533.831/0012-32,EM FUNCIONAMENTO,01/02/2024,18/12/2023,78.0,2.0,2.0,0.0,SIM,SIM,NÃO,CINEFLIX - RIO DE JANEIRO,57045,EM FUNCIONAMENTO,01/02/2024,www.cineflix.com.br,AV. GEREMARIO DANTAS,404.0,LJ 343,TANQUE,RIO DE JANEIRO,22735-015,RJ,NÃO,COMERCIAL,MOVIESYSTEM CINEMATOGRAFICA LTDA,2379,04.533.831/0001-80,REGULAR,CINEFLIX
2208,CINEFLIX RIO SALA 03,5007085.0,04.533.831/0012-32,EM FUNCIONAMENTO,01/02/2024,18/12/2023,69.0,2.0,2.0,0.0,SIM,SIM,NÃO,CINEFLIX - RIO DE JANEIRO,57045,EM FUNCIONAMENTO,01/02/2024,www.cineflix.com.br,AV. GEREMARIO DANTAS,404.0,LJ 343,TANQUE,RIO DE JANEIRO,22735-015,RJ,NÃO,COMERCIAL,MOVIESYSTEM CINEMATOGRAFICA LTDA,2379,04.533.831/0001-80,REGULAR,CINEFLIX
2209,CINEFLIX RIO SALA 04,5007086.0,04.533.831/0012-32,EM FUNCIONAMENTO,01/02/2024,18/12/2023,64.0,2.0,2.0,0.0,SIM,SIM,NÃO,CINEFLIX - RIO DE JANEIRO,57045,EM FUNCIONAMENTO,01/02/2024,www.cineflix.com.br,AV. GEREMARIO DANTAS,404.0,LJ 343,TANQUE,RIO DE JANEIRO,22735-015,RJ,NÃO,COMERCIAL,MOVIESYSTEM CINEMATOGRAFICA LTDA,2379,04.533.831/0001-80,REGULAR,CINEFLIX
2347,IGUATEMI 1,5000210.0,33.497.660/0141-39,EM FUNCIONAMENTO,09/04/2021,20/12/1996,207.0,4.0,1.0,1.0,SIM,NÃO,SIM,CINEMA BOULEVARD RIO,2425,EM FUNCIONAMENTO,09/04/2021,HTTP://WWW.KINOPLEX.COM.BR,RUA BARÃO DE SÃO FRANCISCO,236.0,LJ 301,VILA ISABEL,RIO DE JANEIRO,20560-030,RJ,NÃO,COMERCIAL,EMPRESA CINEMAS SÃO LUIZ S/A,1991,33.497.660/0001-89,REGULAR,KINOPLEX
2348,IGUATEMI 2,5000211.0,33.497.660/0141-39,EM FUNCIONAMENTO,09/04/2021,20/12/1996,139.0,4.0,1.0,1.0,SIM,NÃO,SIM,CINEMA BOULEVARD RIO,2425,EM FUNCIONAMENTO,09/04/2021,HTTP://WWW.KINOPLEX.COM.BR,RUA BARÃO DE SÃO FRANCISCO,236.0,LJ 301,VILA ISABEL,RIO DE JANEIRO,20560-030,RJ,NÃO,COMERCIAL,EMPRESA CINEMAS SÃO LUIZ S/A,1991,33.497.660/0001-89,REGULAR,KINOPLEX
2349,IGUATEMI 3,5000212.0,33.497.660/0141-39,EM FUNCIONAMENTO,09/04/2021,20/12/1996,139.0,4.0,1.0,1.0,SIM,NÃO,SIM,CINEMA BOULEVARD RIO,2425,EM FUNCIONAMENTO,09/04/2021,HTTP://WWW.KINOPLEX.COM.BR,RUA BARÃO DE SÃO FRANCISCO,236.0,LJ 301,VILA ISABEL,RIO DE JANEIRO,20560-030,RJ,NÃO,COMERCIAL,EMPRESA CINEMAS SÃO LUIZ S/A,1991,33.497.660/0001-89,REGULAR,KINOPLEX
2350,IGUATEMI 4,5000213.0,33.497.660/0141-39,EM FUNCIONAMENTO,09/04/2021,20/12/1996,161.0,4.0,1.0,1.0,SIM,NÃO,SIM,CINEMA BOULEVARD RIO,2425,EM FUNCIONAMENTO,09/04/2021,HTTP://WWW.KINOPLEX.COM.BR,RUA BARÃO DE SÃO FRANCISCO,236.0,LJ 301,VILA ISABEL,RIO DE JANEIRO,20560-030,RJ,NÃO,COMERCIAL,EMPRESA CINEMAS SÃO LUIZ S/A,1991,33.497.660/0001-89,REGULAR,KINOPLEX
2351,IGUATEMI 5,5000214.0,33.497.660/0141-39,EM FUNCIONAMENTO,09/04/2021,20/12/1996,148.0,4.0,1.0,1.0,SIM,NÃO,SIM,CINEMA BOULEVARD RIO,2425,EM FUNCIONAMENTO,09/04/2021,HTTP://WWW.KINOPLEX.COM.BR,RUA BARÃO DE SÃO FRANCISCO,236.0,LJ 301,VILA ISABEL,RIO DE JANEIRO,20560-030,RJ,NÃO,COMERCIAL,EMPRESA CINEMAS SÃO LUIZ S/A,1991,33.497.660/0001-89,REGULAR,KINOPLEX
2352,IGUATEMI 6,5000215.0,33.497.660/0141-39,EM FUNCIONAMENTO,09/04/2021,20/12/1996,138.0,4.0,1.0,1.0,SIM,NÃO,SIM,CINEMA BOULEVARD RIO,2425,EM FUNCIONAMENTO,09/04/2021,HTTP://WWW.KINOPLEX.COM.BR,RUA BARÃO DE SÃO FRANCISCO,236.0,LJ 301,VILA ISABEL,RIO DE JANEIRO,20560-030,RJ,NÃO,COMERCIAL,EMPRESA CINEMAS SÃO LUIZ S/A,1991,33.497.660/0001-89,REGULAR,KINOPLEX
2353,IGUATEMI 7,5000216.0,33.497.660/0141-39,EM FUNCIONAMENTO,09/04/2021,20/12/1996,117.0,4.0,1.0,1.0,SIM,NÃO,SIM,CINEMA BOULEVARD RIO,2425,EM FUNCIONAMENTO,09/04/2021,HTTP://WWW.KINOPLEX.COM.BR,RUA BARÃO DE SÃO FRANCISCO,236.0,LJ 301,VILA ISABEL,RIO DE JANEIRO,20560-030,RJ,NÃO,COMERCIAL,EMPRESA CINEMAS SÃO LUIZ S/A,1991,33.497.660/0001-89,REGULAR,KINOPLEX
2631,CINE REGÊNCIA,5001147.0,33.836.990/0001-51,EM FUNCIONAMENTO,30/04/1996,30/04/1996,200.0,1.0,1.0,1.0,NÃO,NÃO,SIM,CINEMAS RIVER - CASCADURA,6719,EM FUNCIONAMENTO,04/05/2004,HTTP://WWW.CINEMASTAR.COM.BR,AV.ERNANI CARDOSO,52.0,,CASCADURA,RIO DE JANEIRO,21310-310,RJ,NÃO,NÃO COMERCIAL,CINEMAS RIVER LTDA,1981,33.836.990/0001-51,IRREGULAR,NÃO PERTENCE A NENHUM GRUPO EXIBIDOR
3117,CINESYSTEM BOTAFOGO SALA 01,5007160.0,15.422.993/0024-53,EM FUNCIONAMENTO,01/05/2024,01/05/2024,152.0,2.0,2.0,1.0,SIM,SIM,NÃO,CINESYSTEM BOTAFOGO,58568,EM FUNCIONAMENTO,01/05/2024,www.cinesystem.com.br,PRAIA DO BOTAFOGO,316.0,,BOTAFOGO,RIO DE JANEIRO,22250-040,RJ,NÃO,COMERCIAL,REDECINE BRA CINEMATOGRÁFICA S.A.,22546,15.422.993/0001-67,REGULAR,CINESYSTEM
3118,CINESYSTEM BOTAFOGO SALA 02,5007161.0,15.422.993/0024-53,EM FUNCIONAMENTO,01/05/2024,01/05/2024,126.0,2.0,2.0,1.0,SIM,SIM,NÃO,CINESYSTEM BOTAFOGO,58568,EM FUNCIONAMENTO,01/05/2024,www.cinesystem.com.br,PRAIA DO BOTAFOGO,316.0,,BOTAFOGO,RIO DE JANEIRO,22250-040,RJ,NÃO,COMERCIAL,REDECINE BRA CINEMATOGRÁFICA S.A.,22546,15.422.993/0001-67,REGULAR,CINESYSTEM
3119,CINESYSTEM BOTAFOGO SALA 03,5007162.0,15.422.993/0024-53,EM FUNCIONAMENTO,01/05/2024,01/05/2024,102.0,2.0,2.0,1.0,SIM,SIM,NÃO,CINESYSTEM BOTAFOGO,58568,EM FUNCIONAMENTO,01/05/2024,www.cinesystem.com.br,PRAIA DO BOTAFOGO,316.0,,BOTAFOGO,RIO DE JANEIRO,22250-040,RJ,NÃO,COMERCIAL,REDECINE BRA CINEMATOGRÁFICA S.A.,22546,15.422.993/0001-67,REGULAR,CINESYSTEM
3120,CINESYSTEM BOTAFOGO SALA 04,5007163.0,15.422.993/0024-53,EM FUNCIONAMENTO,01/05/2024,01/05/2024,167.0,2.0,2.0,1.0,SIM,SIM,NÃO,CINESYSTEM BOTAFOGO,58568,EM FUNCIONAMENTO,01/05/2024,www.cinesystem.com.br,PRAIA DO BOTAFOGO,316.0,,BOTAFOGO,RIO DE JANEIRO,22250-040,RJ,NÃO,COMERCIAL,REDECINE BRA CINEMATOGRÁFICA S.A.,22546,15.422.993/0001-67,REGULAR,CINESYSTEM
3121,CINESYSTEM BOTAFOGO SALA 05,5007164.0,15.422.993/0024-53,EM FUNCIONAMENTO,01/05/2024,01/05/2024,138.0,2.0,2.0,1.0,SIM,SIM,NÃO,CINESYSTEM BOTAFOGO,58568,EM FUNCIONAMENTO,01/05/2024,www.cinesystem.com.br,PRAIA DO BOTAFOGO,316.0,,BOTAFOGO,RIO DE JANEIRO,22250-040,RJ,NÃO,COMERCIAL,REDECINE BRA CINEMATOGRÁFICA S.A.,22546,15.422.993/0001-67,REGULAR,CINESYSTEM
3122,CINESYSTEM BOTAFOGO SALA 06,5007165.0,15.422.993/0024-53,EM FUNCIONAMENTO,01/05/2024,01/05/2024,255.0,4.0,4.0,2.0,SIM,SIM,NÃO,CINESYSTEM BOTAFOGO,58568,EM FUNCIONAMENTO,01/05/2024,www.cinesystem.com.br,PRAIA DO BOTAFOGO,316.0,,BOTAFOGO,RIO DE JANEIRO,22250-040,RJ,NÃO,COMERCIAL,REDECINE BRA CINEMATOGRÁFICA S.A.,22546,15.422.993/0001-67,REGULAR,CINESYSTEM
3541,CINÉPOLIS RIO DESIGN BARRA - SALA 01 TRADICIONAL,5006132.0,09.652.820/0060-92,EM FUNCIONAMENTO,27/05/2021,01/11/2018,158.0,4.0,1.0,1.0,SIM,NÃO,NÃO,CINÉPOLIS RIO DESIGN BARRA,41410,EM FUNCIONAMENTO,26/04/2021,cinepolis.com.br,AV DAS AMERICAS,7777.0,"SALAS 1, 3 e 3",BARRA DA TIJUCA,RIO DE JANEIRO,22793-081,RJ,NÃO,COMERCIAL,CINEPOLIS OPERADORA DE CINEMAS DO BRASIL LTDA,17266,09.652.820/0001-32,REGULAR,CINÉPOLIS
3542,CINÉPOLIS RIO DESIGN BARRA - SALA 02 TRADICIONAL,5006133.0,09.652.820/0060-92,EM FUNCIONAMENTO,26/04/2021,01/11/2018,149.0,4.0,1.0,1.0,SIM,NÃO,NÃO,CINÉPOLIS RIO DESIGN BARRA,41410,EM FUNCIONAMENTO,26/04/2021,cinepolis.com.br,AV DAS AMERICAS,7777.0,"SALAS 1, 3 e 3",BARRA DA TIJUCA,RIO DE JANEIRO,22793-081,RJ,NÃO,COMERCIAL,CINEPOLIS OPERADORA DE CINEMAS DO BRASIL LTDA,17266,09.652.820/0001-32,REGULAR,CINÉPOLIS
3543,CINÉPOLIS RIO DESIGN BARRA - SALA 03 VIP,5006134.0,09.652.820/0060-92,EM FUNCIONAMENTO,26/04/2021,01/11/2018,52.0,3.0,1.0,1.0,SIM,NÃO,NÃO,CINÉPOLIS RIO DESIGN BARRA,41410,EM FUNCIONAMENTO,26/04/2021,cinepolis.com.br,AV DAS AMERICAS,7777.0,"SALAS 1, 3 e 3",BARRA DA TIJUCA,RIO DE JANEIRO,22793-081,RJ,NÃO,COMERCIAL,CINEPOLIS OPERADORA DE CINEMAS DO BRASIL LTDA,17266,09.652.820/0001-32,REGULAR,CINÉPOLIS
4181,CINEMA ASTOR,5002200.0,33.610.049/0005-49,EM FUNCIONAMENTO,01/01/1971,01/01/1971,831.0,,,,NÃO,NÃO,NÃO,ESPLENDOR FILMS LTDA,13460,EM FUNCIONAMENTO,21/08/2009,,"AVENIDA MINISTRO EDGARD ROMERO, 236",,LOJA J,MADUREIRA,RIO DE JANEIRO,21360-200,RJ,NÃO,NÃO COMERCIAL,ESPLENDOR FILMS LTDA.,13459,33.610.049/0001-15,IRREGULAR,NÃO PERTENCE A NENHUM GRUPO EXIBIDOR
4182,CINEMA ORLY,5002201.0,33.610.049/0006-20,EM FUNCIONAMENTO,01/01/1959,01/01/1959,276.0,,,,NÃO,NÃO,NÃO,ESPLENDOR FILMS LTDA,13461,EM FUNCIONAMENTO,21/08/2009,,"RUA ALCINDO GUANABARA, 1721",,SUBSOLO,CENTRO,RIO DE JANEIRO,20031-130,RJ,NÃO,NÃO COMERCIAL,ESPLENDOR FILMS LTDA.,13459,33.610.049/0001-15,IRREGULAR,NÃO PERTENCE A NENHUM GRUPO EXIBIDOR
4196,CINE IRIS,5001061.0,42.596.486/0001-12,EM FUNCIONAMENTO,03/03/1977,03/03/1977,330.0,,,,NÃO,NÃO,NÃO,EXIBIDORA CINEMATOGRÁFICA CRUZ LTDA,6729,EM FUNCIONAMENTO,05/11/2011,HTTP://,"RUA DA CARIOCA, 49/51",,,CENTRO,RIO DE JANEIRO,22050-000,RJ,NÃO,NÃO COMERCIAL,EXIBIDORA CINEMATOGRÁFICA CRUZ LTDA,2946,42.596.486/0001-12,IRREGULAR,NÃO PERTENCE A NENHUM GRUPO EXIBIDOR
4235,CASA DE RUI BARBOSA,5001873.0,42.519.488/0001-08,EM FUNCIONAMENTO,06/04/1966,06/04/1966,281.0,,,,NÃO,NÃO,NÃO,FUNDAÇÃO CASA DE RUI BARBOSA,6728,EM FUNCIONAMENTO,21/08/2009,HTTP://WWW.CASARUIBARBOSA.GOV.BR,RUA SÃO CLEMENTE,,134,BOTAFOGO,RIO DE JANEIRO,22260-000,RJ,NÃO,NÃO COMERCIAL,FUNDAÇÃO CASA DE RUI BARBOSA,6072,42.519.488/0001-08,IRREGULAR,NÃO PERTENCE A NENHUM GRUPO EXIBIDOR
4472,CINEMA IMS-RJ,5001748.0,58.397.563/0004-98,EM FUNCIONAMENTO,01/11/1999,12/12/1995,113.0,2.0,,,SIM,NÃO,SIM,INSTITUTO MOREIRA SALLES RJ,5411,EM FUNCIONAMENTO,22/10/2009,HTTP://WWW.IMS.COM.BR,RUA MARQUES DE SÃO VICENTE ,476.0,,GÁVEA,RIO DE JANEIRO,22451-040,RJ,NÃO,NÃO COMERCIAL,INSTITUTO MOREIRA SALLES,860,58.397.563/0001-45,REGULAR,NÃO PERTENCE A NENHUM GRUPO EXIBIDOR
4504,JARDIM GUADALUPE 01,5003372.0,03.608.600/0029-26,EM FUNCIONAMENTO,31/03/2022,24/11/2011,265.0,6.0,0.0,2.0,SIM,NÃO,SIM,JARDIM GUADALUPE,20404,EM FUNCIONAMENTO,29/04/2021,,AV. BRASIL,22155.0,,GUADALUPE,RIO DE JANEIRO,21670-000,RJ,NÃO,COMERCIAL,MSA EMPRESA CINEMATOGRÁFICA LTDA,3136,03.608.600/0001-25,REGULAR,ARAÚJO
4505,JARDIM GUADALUPE 02,5003373.0,03.608.600/0029-26,EM FUNCIONAMENTO,29/04/2021,24/11/2011,364.0,10.0,0.0,2.0,SIM,NÃO,SIM,JARDIM GUADALUPE,20404,EM FUNCIONAMENTO,29/04/2021,,AV. BRASIL,22155.0,,GUADALUPE,RIO DE JANEIRO,21670-000,RJ,NÃO,COMERCIAL,MSA EMPRESA CINEMATOGRÁFICA LTDA,3136,03.608.600/0001-25,REGULAR,ARAÚJO
4506,JARDIM GUADALUPE 03,5003374.0,03.608.600/0029-26,EM FUNCIONAMENTO,29/04/2021,24/11/2011,211.0,5.0,0.0,2.0,SIM,NÃO,SIM,JARDIM GUADALUPE,20404,EM FUNCIONAMENTO,29/04/2021,,AV. BRASIL,22155.0,,GUADALUPE,RIO DE JANEIRO,21670-000,RJ,NÃO,COMERCIAL,MSA EMPRESA CINEMATOGRÁFICA LTDA,3136,03.608.600/0001-25,REGULAR,ARAÚJO
4507,JARDIM GUADALUPE 04,5003375.0,03.608.600/0029-26,EM FUNCIONAMENTO,29/04/2021,24/11/2011,366.0,10.0,0.0,2.0,SIM,NÃO,SIM,JARDIM GUADALUPE,20404,EM FUNCIONAMENTO,29/04/2021,,AV. BRASIL,22155.0,,GUADALUPE,RIO DE JANEIRO,21670-000,RJ,NÃO,COMERCIAL,MSA EMPRESA CINEMATOGRÁFICA LTDA,3136,03.608.600/0001-25,REGULAR,ARAÚJO
4508,JARDIM GUADALUPE 05,5003376.0,03.608.600/0029-26,EM FUNCIONAMENTO,29/04/2021,24/11/2011,306.0,7.0,0.0,2.0,SIM,NÃO,SIM,JARDIM GUADALUPE,20404,EM FUNCIONAMENTO,29/04/2021,,AV. BRASIL,22155.0,,GUADALUPE,RIO DE JANEIRO,21670-000,RJ,NÃO,COMERCIAL,MSA EMPRESA CINEMATOGRÁFICA LTDA,3136,03.608.600/0001-25,REGULAR,ARAÚJO
4560,KINOPLEX FASHION MALL SALA 01 (PLATINUM),5002205.0,08.262.566/0004-46,EM FUNCIONAMENTO,17/12/2020,25/10/2007,44.0,2.0,1.0,1.0,SIM,NÃO,SIM,KINOPLEX FASHION MALL,13482,EM FUNCIONAMENTO,17/12/2020,www.kinoplex.com.br,ESTRADA DA GÁVEA,899.0,2° PAV.LOJA 220,SÃO CONRADO,RIO DE JANEIRO,22610-901,RJ,NÃO,COMERCIAL,SR RIO DE JANEIRO CINEMAS S/A,11751,08.262.566/0001-01,REGULAR,KINOPLEX
4561,KINOPLEX FASHION MALL SALA 02 (PLATINUM),5002206.0,08.262.566/0004-46,EM FUNCIONAMENTO,17/12/2020,25/10/2007,54.0,3.0,0.0,0.0,SIM,NÃO,SIM,KINOPLEX FASHION MALL,13482,EM FUNCIONAMENTO,17/12/2020,www.kinoplex.com.br,ESTRADA DA GÁVEA,899.0,2° PAV.LOJA 220,SÃO CONRADO,RIO DE JANEIRO,22610-901,RJ,NÃO,COMERCIAL,SR RIO DE JANEIRO CINEMAS S/A,11751,08.262.566/0001-01,REGULAR,KINOPLEX
4562,KINOPLEX FASHION MALL SALA 03,5002207.0,08.262.566/0004-46,EM FUNCIONAMENTO,25/12/2020,25/10/2007,93.0,4.0,1.0,1.0,SIM,NÃO,SIM,KINOPLEX FASHION MALL,13482,EM FUNCIONAMENTO,17/12/2020,www.kinoplex.com.br,ESTRADA DA GÁVEA,899.0,2° PAV.LOJA 220,SÃO CONRADO,RIO DE JANEIRO,22610-901,RJ,NÃO,COMERCIAL,SR RIO DE JANEIRO CINEMAS S/A,11751,08.262.566/0001-01,REGULAR,KINOPLEX
4563,KINOPLEX FASHION MALL SALA 04,5002208.0,08.262.566/0004-46,EM FUNCIONAMENTO,25/12/2020,25/10/2007,114.0,4.0,1.0,1.0,SIM,NÃO,SIM,KINOPLEX FASHION MALL,13482,EM FUNCIONAMENTO,17/12/2020,www.kinoplex.com.br,ESTRADA DA GÁVEA,899.0,2° PAV.LOJA 220,SÃO CONRADO,RIO DE JANEIRO,22610-901,RJ,NÃO,COMERCIAL,SR RIO DE JANEIRO CINEMAS S/A,11751,08.262.566/0001-01,REGULAR,KINOPLEX
4594,SALA KINOPLEX LEBLON SALA 01,5001930.0,08.262.566/0003-65,EM FUNCIONAMENTO,09/04/2021,29/08/2006,166.0,4.0,1.0,1.0,SIM,NÃO,SIM,KINOPLEX LEBLON,11752,EM FUNCIONAMENTO,09/04/2021,www.kinoplex.com.br,AV AFRÂNIO DE MELO FRANCO,290.0,LJ 401,LEBLON,RIO DE JANEIRO,22430-060,RJ,NÃO,COMERCIAL,SR RIO DE JANEIRO CINEMAS S/A,11751,08.262.566/0001-01,REGULAR,KINOPLEX
4595,SALA KINOPLEX LEBLON SALA 02,5001932.0,08.262.566/0003-65,EM FUNCIONAMENTO,09/04/2021,29/08/2006,61.0,3.0,1.0,1.0,SIM,NÃO,SIM,KINOPLEX LEBLON,11752,EM FUNCIONAMENTO,09/04/2021,www.kinoplex.com.br,AV AFRÂNIO DE MELO FRANCO,290.0,LJ 401,LEBLON,RIO DE JANEIRO,22430-060,RJ,NÃO,COMERCIAL,SR RIO DE JANEIRO CINEMAS S/A,11751,08.262.566/0001-01,REGULAR,KINOPLEX
4596,SALA KINOPLEX LEBLON SALA 03,5001931.0,08.262.566/0003-65,EM FUNCIONAMENTO,09/04/2021,29/08/2006,168.0,4.0,1.0,1.0,SIM,NÃO,SIM,KINOPLEX LEBLON,11752,EM FUNCIONAMENTO,09/04/2021,www.kinoplex.com.br,AV AFRÂNIO DE MELO FRANCO,290.0,LJ 401,LEBLON,RIO DE JANEIRO,22430-060,RJ,NÃO,COMERCIAL,SR RIO DE JANEIRO CINEMAS S/A,11751,08.262.566/0001-01,REGULAR,KINOPLEX
4597,SALA KINOPLEX LEBLON SALA 04,5001933.0,08.262.566/0003-65,EM FUNCIONAMENTO,09/04/2021,29/08/2006,159.0,4.0,1.0,1.0,SIM,NÃO,SIM,KINOPLEX LEBLON,11752,EM FUNCIONAMENTO,09/04/2021,www.kinoplex.com.br,AV AFRÂNIO DE MELO FRANCO,290.0,LJ 401,LEBLON,RIO DE JANEIRO,22430-060,RJ,NÃO,COMERCIAL,SR RIO DE JANEIRO CINEMAS S/A,11751,08.262.566/0001-01,REGULAR,KINOPLEX
4598,SALA KINOPLEX LEBLON GLOBOPLAY 1,5006824.0,33.497.660/0025-56,EM FUNCIONAMENTO,07/07/2022,21/06/2022,44.0,2.0,0.0,0.0,SIM,SIM,NÃO,KINOPLEX LEBLON GLOBOPLAY,51461,EM FUNCIONAMENTO,07/07/2022,, AV ATAULFO DE PAIVA ,391.0,,LEBLON,RIO DE JANEIRO,22440-032,RJ,NÃO,COMERCIAL,EMPRESA CINEMAS SÃO LUIZ S/A,1991,33.497.660/0001-89,REGULAR,KINOPLEX
4599,SALA KINOPLEX LEBLON GLOBOPLAY 2,5006825.0,33.497.660/0025-56,EM FUNCIONAMENTO,07/07/2022,21/06/2022,67.0,2.0,0.0,0.0,SIM,SIM,NÃO,KINOPLEX LEBLON GLOBOPLAY,51461,EM FUNCIONAMENTO,07/07/2022,, AV ATAULFO DE PAIVA ,391.0,,LEBLON,RIO DE JANEIRO,22440-032,RJ,NÃO,COMERCIAL,EMPRESA CINEMAS SÃO LUIZ S/A,1991,33.497.660/0001-89,REGULAR,KINOPLEX
4600,SALA KINOPLEX LEBLON GLOBOPLAY 3,5006826.0,33.497.660/0025-56,EM FUNCIONAMENTO,07/07/2022,21/06/2022,67.0,2.0,0.0,0.0,SIM,SIM,NÃO,KINOPLEX LEBLON GLOBOPLAY,51461,EM FUNCIONAMENTO,07/07/2022,, AV ATAULFO DE PAIVA ,391.0,,LEBLON,RIO DE JANEIRO,22440-032,RJ,NÃO,COMERCIAL,EMPRESA CINEMAS SÃO LUIZ S/A,1991,33.497.660/0001-89,REGULAR,KINOPLEX
4607,SALA KINOPLEX MADUREIRA 01,5000061.0,33.497.660/0136-71,EM FUNCIONAMENTO,09/04/2021,15/01/1995,203.0,4.0,2.0,4.0,SIM,NÃO,SIM,KINOPLEX MADUREIRA,2389,EM FUNCIONAMENTO,09/04/2021,HTTP://WWW.KINOPLEX.COM.BR,ESTRADA DO PORTELA,222.0,LOJA 408,MADUREIRA,RIO DE JANEIRO,21351-051,RJ,NÃO,COMERCIAL,EMPRESA CINEMAS SÃO LUIZ S/A,1991,33.497.660/0001-89,REGULAR,KINOPLEX
4608,SALA KINOPLEX MADUREIRA 02,5000062.0,33.497.660/0136-71,EM FUNCIONAMENTO,09/04/2021,15/01/1995,230.0,4.0,2.0,5.0,SIM,NÃO,SIM,KINOPLEX MADUREIRA,2389,EM FUNCIONAMENTO,09/04/2021,HTTP://WWW.KINOPLEX.COM.BR,ESTRADA DO PORTELA,222.0,LOJA 408,MADUREIRA,RIO DE JANEIRO,21351-051,RJ,NÃO,COMERCIAL,EMPRESA CINEMAS SÃO LUIZ S/A,1991,33.497.660/0001-89,REGULAR,KINOPLEX
4609,SALA KINOPLEX MADUREIRA 03,5000063.0,33.497.660/0136-71,EM FUNCIONAMENTO,29/04/2021,15/01/1995,191.0,4.0,2.0,4.0,SIM,NÃO,SIM,KINOPLEX MADUREIRA,2389,EM FUNCIONAMENTO,09/04/2021,HTTP://WWW.KINOPLEX.COM.BR,ESTRADA DO PORTELA,222.0,LOJA 408,MADUREIRA,RIO DE JANEIRO,21351-051,RJ,NÃO,COMERCIAL,EMPRESA CINEMAS SÃO LUIZ S/A,1991,33.497.660/0001-89,REGULAR,KINOPLEX
4610,SALA KINOPLEX MADUREIRA 04,5000064.0,33.497.660/0136-71,EM FUNCIONAMENTO,13/05/2021,15/01/1995,191.0,4.0,2.0,4.0,SIM,NÃO,SIM,KINOPLEX MADUREIRA,2389,EM FUNCIONAMENTO,09/04/2021,HTTP://WWW.KINOPLEX.COM.BR,ESTRADA DO PORTELA,222.0,LOJA 408,MADUREIRA,RIO DE JANEIRO,21351-051,RJ,NÃO,COMERCIAL,EMPRESA CINEMAS SÃO LUIZ S/A,1991,33.497.660/0001-89,REGULAR,KINOPLEX
4611,SALA KINOPLEX MADUREIRA 05,5004268.0,33.497.660/0136-71,EM FUNCIONAMENTO,13/05/2021,21/06/2013,229.0,2.0,2.0,5.0,SIM,NÃO,SIM,KINOPLEX MADUREIRA,2389,EM FUNCIONAMENTO,09/04/2021,HTTP://WWW.KINOPLEX.COM.BR,ESTRADA DO PORTELA,222.0,LOJA 408,MADUREIRA,RIO DE JANEIRO,21351-051,RJ,NÃO,COMERCIAL,EMPRESA CINEMAS SÃO LUIZ S/A,1991,33.497.660/0001-89,REGULAR,KINOPLEX
4612,KINOPLEX NOVA AMÉRICA SALA 01,5001957.0,33.497.660/0138-33,EM FUNCIONAMENTO,09/04/2021,15/11/1995,205.0,4.0,2.0,2.0,SIM,NÃO,SIM,KINOPLEX NOVA AMÉRICA,2426,EM FUNCIONAMENTO,09/04/2021,HTTP://WWW.KINOPLEX.COM.BR,AV. PASTOR MARTIN LUTHER KING JR,126.0,ESP COM. 81,DEL CASTILHO,RIO DE JANEIRO,20765-000,RJ,NÃO,COMERCIAL,EMPRESA CINEMAS SÃO LUIZ S/A,1991,33.497.660/0001-89,REGULAR,KINOPLEX
4613,KINOPLEX NOVA AMÉRICA SALA 02,5001958.0,33.497.660/0138-33,EM FUNCIONAMENTO,29/04/2021,15/11/1995,144.0,4.0,1.0,1.0,SIM,NÃO,SIM,KINOPLEX NOVA AMÉRICA,2426,EM FUNCIONAMENTO,09/04/2021,HTTP://WWW.KINOPLEX.COM.BR,AV. PASTOR MARTIN LUTHER KING JR,126.0,ESP COM. 81,DEL CASTILHO,RIO DE JANEIRO,20765-000,RJ,NÃO,COMERCIAL,EMPRESA CINEMAS SÃO LUIZ S/A,1991,33.497.660/0001-89,REGULAR,KINOPLEX
4614,KINOPLEX NOVA AMÉRICA SALA 03,5001959.0,33.497.660/0138-33,EM FUNCIONAMENTO,09/04/2021,15/11/1995,183.0,4.0,1.0,1.0,SIM,NÃO,SIM,KINOPLEX NOVA AMÉRICA,2426,EM FUNCIONAMENTO,09/04/2021,HTTP://WWW.KINOPLEX.COM.BR,AV. PASTOR MARTIN LUTHER KING JR,126.0,ESP COM. 81,DEL CASTILHO,RIO DE JANEIRO,20765-000,RJ,NÃO,COMERCIAL,EMPRESA CINEMAS SÃO LUIZ S/A,1991,33.497.660/0001-89,REGULAR,KINOPLEX
4615,KINOPLEX NOVA AMÉRICA SALA 04,5001960.0,33.497.660/0138-33,EM FUNCIONAMENTO,09/04/2021,15/11/1995,152.0,4.0,1.0,1.0,SIM,NÃO,SIM,KINOPLEX NOVA AMÉRICA,2426,EM FUNCIONAMENTO,09/04/2021,HTTP://WWW.KINOPLEX.COM.BR,AV. PASTOR MARTIN LUTHER KING JR,126.0,ESP COM. 81,DEL CASTILHO,RIO DE JANEIRO,20765-000,RJ,NÃO,COMERCIAL,EMPRESA CINEMAS SÃO LUIZ S/A,1991,33.497.660/0001-89,REGULAR,KINOPLEX
4616,KINOPLEX NOVA AMÉRICA SALA 05,5001961.0,33.497.660/0138-33,EM FUNCIONAMENTO,29/04/2021,15/11/1995,272.0,5.0,3.0,3.0,SIM,NÃO,SIM,KINOPLEX NOVA AMÉRICA,2426,EM FUNCIONAMENTO,09/04/2021,HTTP://WWW.KINOPLEX.COM.BR,AV. PASTOR MARTIN LUTHER KING JR,126.0,ESP COM. 81,DEL CASTILHO,RIO DE JANEIRO,20765-000,RJ,NÃO,COMERCIAL,EMPRESA CINEMAS SÃO LUIZ S/A,1991,33.497.660/0001-89,REGULAR,KINOPLEX
4617,KINOPLEX NOVA AMÉRICA SALA 06,5001962.0,33.497.660/0138-33,EM FUNCIONAMENTO,29/04/2021,15/11/1995,307.0,6.0,3.0,4.0,SIM,NÃO,SIM,KINOPLEX NOVA AMÉRICA,2426,EM FUNCIONAMENTO,09/04/2021,HTTP://WWW.KINOPLEX.COM.BR,AV. PASTOR MARTIN LUTHER KING JR,126.0,ESP COM. 81,DEL CASTILHO,RIO DE JANEIRO,20765-000,RJ,NÃO,COMERCIAL,EMPRESA CINEMAS SÃO LUIZ S/A,1991,33.497.660/0001-89,REGULAR,KINOPLEX
4618,KINOPLEX NOVA AMÉRICA SALA 07,5001963.0,33.497.660/0138-33,EM FUNCIONAMENTO,29/04/2021,15/11/1995,282.0,6.0,3.0,3.0,SIM,NÃO,SIM,KINOPLEX NOVA AMÉRICA,2426,EM FUNCIONAMENTO,09/04/2021,HTTP://WWW.KINOPLEX.COM.BR,AV. PASTOR MARTIN LUTHER KING JR,126.0,ESP COM. 81,DEL CASTILHO,RIO DE JANEIRO,20765-000,RJ,NÃO,COMERCIAL,EMPRESA CINEMAS SÃO LUIZ S/A,1991,33.497.660/0001-89,REGULAR,KINOPLEX
4664,KINOPLEX RIO SUL - SALA KINOEVOLUTIUM 01,5000065.0,33.497.660/0018-27,EM FUNCIONAMENTO,09/04/2021,01/11/1993,157.0,4.0,1.0,1.0,SIM,NÃO,SIM,KINOPLEX RIO SUL,2390,EM FUNCIONAMENTO,09/04/2021,www.kinoplex.com.br,RUA LAURO SODRÉ,445.0,"LJ 401, DC01",BOTAFOGO,RIO DE JANEIRO,22290-070,RJ,NÃO,COMERCIAL,EMPRESA CINEMAS SÃO LUIZ S/A,1991,33.497.660/0001-89,REGULAR,KINOPLEX
4665,KINOPLEX RIO SUL - SALA KINOEVOLUTIUM 02,5000066.0,33.497.660/0018-27,EM FUNCIONAMENTO,09/04/2021,01/11/1993,197.0,4.0,1.0,1.0,SIM,NÃO,SIM,KINOPLEX RIO SUL,2390,EM FUNCIONAMENTO,09/04/2021,www.kinoplex.com.br,RUA LAURO SODRÉ,445.0,"LJ 401, DC01",BOTAFOGO,RIO DE JANEIRO,22290-070,RJ,NÃO,COMERCIAL,EMPRESA CINEMAS SÃO LUIZ S/A,1991,33.497.660/0001-89,REGULAR,KINOPLEX
4666,KINOPLEX RIO SUL - SALA PLATINUM 03,5000067.0,33.497.660/0018-27,EM FUNCIONAMENTO,09/04/2021,01/11/1993,112.0,4.0,1.0,1.0,SIM,NÃO,SIM,KINOPLEX RIO SUL,2390,EM FUNCIONAMENTO,09/04/2021,www.kinoplex.com.br,RUA LAURO SODRÉ,445.0,"LJ 401, DC01",BOTAFOGO,RIO DE JANEIRO,22290-070,RJ,NÃO,COMERCIAL,EMPRESA CINEMAS SÃO LUIZ S/A,1991,33.497.660/0001-89,REGULAR,KINOPLEX
4667,KINOPLEX RIO SUL - SALA PLATINUM 04,5000068.0,33.497.660/0018-27,EM FUNCIONAMENTO,09/04/2021,01/11/1993,101.0,4.0,1.0,1.0,SIM,NÃO,SIM,KINOPLEX RIO SUL,2390,EM FUNCIONAMENTO,09/04/2021,www.kinoplex.com.br,RUA LAURO SODRÉ,445.0,"LJ 401, DC01",BOTAFOGO,RIO DE JANEIRO,22290-070,RJ,NÃO,COMERCIAL,EMPRESA CINEMAS SÃO LUIZ S/A,1991,33.497.660/0001-89,REGULAR,KINOPLEX
4668,KINOPLEX RIO SUL - SALA PLATINUM 05,5005519.0,33.497.660/0018-27,EM FUNCIONAMENTO,09/04/2021,14/04/2016,105.0,3.0,1.0,1.0,SIM,NÃO,SIM,KINOPLEX RIO SUL,2390,EM FUNCIONAMENTO,09/04/2021,www.kinoplex.com.br,RUA LAURO SODRÉ,445.0,"LJ 401, DC01",BOTAFOGO,RIO DE JANEIRO,22290-070,RJ,NÃO,COMERCIAL,EMPRESA CINEMAS SÃO LUIZ S/A,1991,33.497.660/0001-89,REGULAR,KINOPLEX
4669,KINOPLEX RIO SUL - SALA PLATINUM 06,5005520.0,33.497.660/0018-27,EM FUNCIONAMENTO,09/04/2021,14/04/2016,101.0,4.0,1.0,1.0,SIM,NÃO,SIM,KINOPLEX RIO SUL,2390,EM FUNCIONAMENTO,09/04/2021,www.kinoplex.com.br,RUA LAURO SODRÉ,445.0,"LJ 401, DC01",BOTAFOGO,RIO DE JANEIRO,22290-070,RJ,NÃO,COMERCIAL,EMPRESA CINEMAS SÃO LUIZ S/A,1991,33.497.660/0001-89,REGULAR,KINOPLEX
4670,SÃO LUIZ 1,5000075.0,33.497.660/0106-56,EM FUNCIONAMENTO,15/04/2021,19/01/2001,144.0,3.0,1.0,1.0,SIM,NÃO,SIM,KINOPLEX SÃO LUIZ,2392,EM FUNCIONAMENTO,15/04/2021,HTTP://WWW.KINOPLEX.COM.BR,RUA DO CATETE,311.0,LJ 203 E 204,CATETE,RIO DE JANEIRO,22220-001,RJ,NÃO,COMERCIAL,EMPRESA CINEMAS SÃO LUIZ S/A,1991,33.497.660/0001-89,REGULAR,KINOPLEX
4671,SÃO LUIZ 2,5000076.0,33.497.660/0106-56,EM FUNCIONAMENTO,15/04/2021,19/01/2001,262.0,2.0,1.0,1.0,SIM,NÃO,SIM,KINOPLEX SÃO LUIZ,2392,EM FUNCIONAMENTO,15/04/2021,HTTP://WWW.KINOPLEX.COM.BR,RUA DO CATETE,311.0,LJ 203 E 204,CATETE,RIO DE JANEIRO,22220-001,RJ,NÃO,COMERCIAL,EMPRESA CINEMAS SÃO LUIZ S/A,1991,33.497.660/0001-89,REGULAR,KINOPLEX
4672,SÃO LUIZ 3,5000077.0,33.497.660/0106-56,EM FUNCIONAMENTO,15/04/2021,19/01/2001,271.0,2.0,1.0,1.0,SIM,NÃO,SIM,KINOPLEX SÃO LUIZ,2392,EM FUNCIONAMENTO,15/04/2021,HTTP://WWW.KINOPLEX.COM.BR,RUA DO CATETE,311.0,LJ 203 E 204,CATETE,RIO DE JANEIRO,22220-001,RJ,NÃO,COMERCIAL,EMPRESA CINEMAS SÃO LUIZ S/A,1991,33.497.660/0001-89,REGULAR,KINOPLEX
4673,SÃO LUIZ 4,5000078.0,33.497.660/0106-56,EM FUNCIONAMENTO,15/04/2021,19/01/2001,152.0,3.0,1.0,1.0,SIM,NÃO,SIM,KINOPLEX SÃO LUIZ,2392,EM FUNCIONAMENTO,15/04/2021,HTTP://WWW.KINOPLEX.COM.BR,RUA DO CATETE,311.0,LJ 203 E 204,CATETE,RIO DE JANEIRO,22220-001,RJ,NÃO,COMERCIAL,EMPRESA CINEMAS SÃO LUIZ S/A,1991,33.497.660/0001-89,REGULAR,KINOPLEX
4674,KINOPLEX TIJUCA SALA 01,5002176.0,08.262.566/0002-84,EM FUNCIONAMENTO,09/04/2021,29/08/2006,340.0,2.0,1.0,1.0,SIM,NÃO,SIM,KINOPLEX TIJUCA,13416,EM FUNCIONAMENTO,09/04/2021,www.kinoplex.com.br,AVENIDA MARACANÃ,987.0,PISO L 10 - SUC 10001,TIJUCA,RIO DE JANEIRO,20530-230,RJ,NÃO,COMERCIAL,SR RIO DE JANEIRO CINEMAS S/A,11751,08.262.566/0001-01,REGULAR,KINOPLEX
4675,KINOPLEX TIJUCA SALA 02,5002175.0,08.262.566/0002-84,EM FUNCIONAMENTO,09/04/2021,29/08/2006,266.0,2.0,1.0,1.0,SIM,NÃO,SIM,KINOPLEX TIJUCA,13416,EM FUNCIONAMENTO,09/04/2021,www.kinoplex.com.br,AVENIDA MARACANÃ,987.0,PISO L 10 - SUC 10001,TIJUCA,RIO DE JANEIRO,20530-230,RJ,NÃO,COMERCIAL,SR RIO DE JANEIRO CINEMAS S/A,11751,08.262.566/0001-01,REGULAR,KINOPLEX
4676,KINOPLEX TIJUCA SALA 03,5002177.0,08.262.566/0002-84,EM FUNCIONAMENTO,09/04/2021,29/08/2006,199.0,2.0,1.0,1.0,SIM,NÃO,SIM,KINOPLEX TIJUCA,13416,EM FUNCIONAMENTO,09/04/2021,www.kinoplex.com.br,AVENIDA MARACANÃ,987.0,PISO L 10 - SUC 10001,TIJUCA,RIO DE JANEIRO,20530-230,RJ,NÃO,COMERCIAL,SR RIO DE JANEIRO CINEMAS S/A,11751,08.262.566/0001-01,REGULAR,KINOPLEX
4677,KINOPLEX TIJUCA SALA 04,5002178.0,08.262.566/0002-84,EM FUNCIONAMENTO,09/04/2021,25/01/2008,199.0,2.0,1.0,1.0,SIM,NÃO,SIM,KINOPLEX TIJUCA,13416,EM FUNCIONAMENTO,09/04/2021,www.kinoplex.com.br,AVENIDA MARACANÃ,987.0,PISO L 10 - SUC 10001,TIJUCA,RIO DE JANEIRO,20530-230,RJ,NÃO,COMERCIAL,SR RIO DE JANEIRO CINEMAS S/A,11751,08.262.566/0001-01,REGULAR,KINOPLEX
4678,KINOPLEX TIJUCA SALA 05,5002179.0,08.262.566/0002-84,EM FUNCIONAMENTO,09/04/2021,29/08/2006,266.0,2.0,1.0,1.0,SIM,NÃO,SIM,KINOPLEX TIJUCA,13416,EM FUNCIONAMENTO,09/04/2021,www.kinoplex.com.br,AVENIDA MARACANÃ,987.0,PISO L 10 - SUC 10001,TIJUCA,RIO DE JANEIRO,20530-230,RJ,NÃO,COMERCIAL,SR RIO DE JANEIRO CINEMAS S/A,11751,08.262.566/0001-01,REGULAR,KINOPLEX
4679,KINOPLEX TIJUCA SALA 06,5002180.0,08.262.566/0002-84,EM FUNCIONAMENTO,09/04/2021,29/08/2006,409.0,4.0,1.0,1.0,SIM,NÃO,SIM,KINOPLEX TIJUCA,13416,EM FUNCIONAMENTO,09/04/2021,www.kinoplex.com.br,AVENIDA MARACANÃ,987.0,PISO L 10 - SUC 10001,TIJUCA,RIO DE JANEIRO,20530-230,RJ,NÃO,COMERCIAL,SR RIO DE JANEIRO CINEMAS S/A,11751,08.262.566/0001-01,REGULAR,KINOPLEX
4696,KINOPLEX VIA PARQUE 1,5002197.0,33.497.660/0132-48,EM FUNCIONAMENTO,09/04/2021,06/10/1993,207.0,4.0,1.0,2.0,SIM,NÃO,SIM,KINOPLEX VIA PARQUE,13454,EM FUNCIONAMENTO,09/04/2021,WWW.KINOPLEX.COM.BR,AVENIDA AYRTON SENNA,3000.0,"LJ.2068A,2°AND.",BARRA DA TIJUCA,RIO DE JANEIRO,22775-002,RJ,NÃO,COMERCIAL,EMPRESA CINEMAS SÃO LUIZ S/A,1991,33.497.660/0001-89,REGULAR,KINOPLEX
4697,KINOPLEX VIA PARQUE 2,5002198.0,33.497.660/0132-48,EM FUNCIONAMENTO,09/04/2021,06/10/1993,281.0,6.0,1.0,3.0,SIM,NÃO,SIM,KINOPLEX VIA PARQUE,13454,EM FUNCIONAMENTO,09/04/2021,WWW.KINOPLEX.COM.BR,AVENIDA AYRTON SENNA,3000.0,"LJ.2068A,2°AND.",BARRA DA TIJUCA,RIO DE JANEIRO,22775-002,RJ,NÃO,COMERCIAL,EMPRESA CINEMAS SÃO LUIZ S/A,1991,33.497.660/0001-89,REGULAR,KINOPLEX
4698,KINOPLEX VIA PARQUE 3,5002199.0,33.497.660/0132-48,EM FUNCIONAMENTO,09/04/2021,06/10/1993,373.0,8.0,1.0,4.0,SIM,NÃO,SIM,KINOPLEX VIA PARQUE,13454,EM FUNCIONAMENTO,09/04/2021,WWW.KINOPLEX.COM.BR,AVENIDA AYRTON SENNA,3000.0,"LJ.2068A,2°AND.",BARRA DA TIJUCA,RIO DE JANEIRO,22775-002,RJ,NÃO,COMERCIAL,EMPRESA CINEMAS SÃO LUIZ S/A,1991,33.497.660/0001-89,REGULAR,KINOPLEX
4699,KINOPLEX VIA PARQUE 4- KINOEVOLUTION,5005018.0,33.497.660/0132-48,EM FUNCIONAMENTO,09/04/2021,01/02/2015,404.0,8.0,1.0,4.0,SIM,NÃO,SIM,KINOPLEX VIA PARQUE,13454,EM FUNCIONAMENTO,09/04/2021,WWW.KINOPLEX.COM.BR,AVENIDA AYRTON SENNA,3000.0,"LJ.2068A,2°AND.",BARRA DA TIJUCA,RIO DE JANEIRO,22775-002,RJ,NÃO,COMERCIAL,EMPRESA CINEMAS SÃO LUIZ S/A,1991,33.497.660/0001-89,REGULAR,KINOPLEX
4700,KINOPLEX VIA PARQUE 5,5005019.0,33.497.660/0132-48,EM FUNCIONAMENTO,09/04/2021,01/02/2015,102.0,3.0,1.0,1.0,SIM,NÃO,SIM,KINOPLEX VIA PARQUE,13454,EM FUNCIONAMENTO,09/04/2021,WWW.KINOPLEX.COM.BR,AVENIDA AYRTON SENNA,3000.0,"LJ.2068A,2°AND.",BARRA DA TIJUCA,RIO DE JANEIRO,22775-002,RJ,NÃO,COMERCIAL,EMPRESA CINEMAS SÃO LUIZ S/A,1991,33.497.660/0001-89,REGULAR,KINOPLEX
4701,KINOPLEX VIA PARQUE 6,5005020.0,33.497.660/0132-48,EM FUNCIONAMENTO,09/04/2021,01/02/2015,79.0,3.0,1.0,1.0,SIM,NÃO,SIM,KINOPLEX VIA PARQUE,13454,EM FUNCIONAMENTO,09/04/2021,WWW.KINOPLEX.COM.BR,AVENIDA AYRTON SENNA,3000.0,"LJ.2068A,2°AND.",BARRA DA TIJUCA,RIO DE JANEIRO,22775-002,RJ,NÃO,COMERCIAL,EMPRESA CINEMAS SÃO LUIZ S/A,1991,33.497.660/0001-89,REGULAR,KINOPLEX
4709,KINOPLEX WEST SHOPPING RIO 01,5002888.0,33.497.660/0007-74,EM FUNCIONAMENTO,09/04/2021,26/06/2010,224.0,4.0,1.0,1.0,SIM,NÃO,SIM,KINOPLEX WEST SHOPPING,17366,EM FUNCIONAMENTO,09/04/2021,WWW.KINOPLEX.COM.BR,"EST. DO MENDANHA, EDIF I",550.0,LJ 301 E 401,CAMPO GRANDE,RIO DE JANEIRO,23087-284,RJ,NÃO,COMERCIAL,EMPRESA CINEMAS SÃO LUIZ S/A,1991,33.497.660/0001-89,REGULAR,KINOPLEX
4710,KINOPLEX WEST SHOPPING RIO 02,5002891.0,33.497.660/0007-74,EM FUNCIONAMENTO,06/05/2021,26/06/2010,221.0,4.0,1.0,1.0,SIM,NÃO,SIM,KINOPLEX WEST SHOPPING,17366,EM FUNCIONAMENTO,09/04/2021,WWW.KINOPLEX.COM.BR,"EST. DO MENDANHA, EDIF I",550.0,LJ 301 E 401,CAMPO GRANDE,RIO DE JANEIRO,23087-284,RJ,NÃO,COMERCIAL,EMPRESA CINEMAS SÃO LUIZ S/A,1991,33.497.660/0001-89,REGULAR,KINOPLEX
4711,KINOPLEX WEST SHOPPING RIO 03,5002890.0,33.497.660/0007-74,EM FUNCIONAMENTO,29/04/2021,26/06/2010,203.0,4.0,1.0,1.0,SIM,NÃO,SIM,KINOPLEX WEST SHOPPING,17366,EM FUNCIONAMENTO,09/04/2021,WWW.KINOPLEX.COM.BR,"EST. DO MENDANHA, EDIF I",550.0,LJ 301 E 401,CAMPO GRANDE,RIO DE JANEIRO,23087-284,RJ,NÃO,COMERCIAL,EMPRESA CINEMAS SÃO LUIZ S/A,1991,33.497.660/0001-89,REGULAR,KINOPLEX
4712,KINOPLEX WEST SHOPPING RIO 04,5002889.0,33.497.660/0007-74,EM FUNCIONAMENTO,13/05/2021,26/06/2010,134.0,2.0,1.0,1.0,SIM,NÃO,SIM,KINOPLEX WEST SHOPPING,17366,EM FUNCIONAMENTO,09/04/2021,WWW.KINOPLEX.COM.BR,"EST. DO MENDANHA, EDIF I",550.0,LJ 301 E 401,CAMPO GRANDE,RIO DE JANEIRO,23087-284,RJ,NÃO,COMERCIAL,EMPRESA CINEMAS SÃO LUIZ S/A,1991,33.497.660/0001-89,REGULAR,KINOPLEX
4713,KINOPLEX WEST SHOPPING RIO 05,5002892.0,33.497.660/0007-74,EM FUNCIONAMENTO,29/04/2021,26/06/2010,286.0,4.0,1.0,1.0,SIM,NÃO,SIM,KINOPLEX WEST SHOPPING,17366,EM FUNCIONAMENTO,09/04/2021,WWW.KINOPLEX.COM.BR,"EST. DO MENDANHA, EDIF I",550.0,LJ 301 E 401,CAMPO GRANDE,RIO DE JANEIRO,23087-284,RJ,NÃO,COMERCIAL,EMPRESA CINEMAS SÃO LUIZ S/A,1991,33.497.660/0001-89,REGULAR,KINOPLEX
5495,CINESYSTEM AMERICAS 01,5004997.0,07.524.011/0007-05,EM FUNCIONAMENTO,29/04/2021,11/12/2014,96.0,2.0,1.0,2.0,SIM,NÃO,SIM,REDECINE - RIO AMERICAS,28834,EM FUNCIONAMENTO,29/04/2021,,AV DAS AMERICAS,15500.0,LOJA 201 E 202 ,RECREIO DOS BANDEIRANTES,RIO DE JANEIRO,22790-702,RJ,NÃO,COMERCIAL,REDECINE - RIO CINEMATOGRAFICA S.A.,5348,07.524.011/0001-10,REGULAR,CINESYSTEM
5496,CINESYSTEM AMERICAS 02,5004998.0,07.524.011/0007-05,EM FUNCIONAMENTO,29/04/2021,11/12/2014,167.0,3.0,1.0,2.0,SIM,NÃO,SIM,REDECINE - RIO AMERICAS,28834,EM FUNCIONAMENTO,29/04/2021,,AV DAS AMERICAS,15500.0,LOJA 201 E 202 ,RECREIO DOS BANDEIRANTES,RIO DE JANEIRO,22790-702,RJ,NÃO,COMERCIAL,REDECINE - RIO CINEMATOGRAFICA S.A.,5348,07.524.011/0001-10,REGULAR,CINESYSTEM
5497,CINESYSTEM AMERICAS 03,5004999.0,07.524.011/0007-05,EM FUNCIONAMENTO,29/04/2021,11/12/2014,159.0,3.0,1.0,2.0,SIM,NÃO,SIM,REDECINE - RIO AMERICAS,28834,EM FUNCIONAMENTO,29/04/2021,,AV DAS AMERICAS,15500.0,LOJA 201 E 202 ,RECREIO DOS BANDEIRANTES,RIO DE JANEIRO,22790-702,RJ,NÃO,COMERCIAL,REDECINE - RIO CINEMATOGRAFICA S.A.,5348,07.524.011/0001-10,REGULAR,CINESYSTEM
5498,CINESYSTEM AMERICAS 04,5005000.0,07.524.011/0007-05,EM FUNCIONAMENTO,29/04/2021,11/12/2014,159.0,3.0,1.0,2.0,SIM,NÃO,SIM,REDECINE - RIO AMERICAS,28834,EM FUNCIONAMENTO,29/04/2021,,AV DAS AMERICAS,15500.0,LOJA 201 E 202 ,RECREIO DOS BANDEIRANTES,RIO DE JANEIRO,22790-702,RJ,NÃO,COMERCIAL,REDECINE - RIO CINEMATOGRAFICA S.A.,5348,07.524.011/0001-10,REGULAR,CINESYSTEM
5499,CINESYSTEM AMERICAS 05,5005001.0,07.524.011/0007-05,EM FUNCIONAMENTO,29/04/2021,11/12/2014,159.0,3.0,1.0,2.0,SIM,NÃO,SIM,REDECINE - RIO AMERICAS,28834,EM FUNCIONAMENTO,29/04/2021,,AV DAS AMERICAS,15500.0,LOJA 201 E 202 ,RECREIO DOS BANDEIRANTES,RIO DE JANEIRO,22790-702,RJ,NÃO,COMERCIAL,REDECINE - RIO CINEMATOGRAFICA S.A.,5348,07.524.011/0001-10,REGULAR,CINESYSTEM
5500,CINESYSTEM AMERICAS 06,5005002.0,07.524.011/0007-05,EM FUNCIONAMENTO,29/04/2021,11/12/2014,308.0,6.0,1.0,4.0,SIM,NÃO,SIM,REDECINE - RIO AMERICAS,28834,EM FUNCIONAMENTO,29/04/2021,,AV DAS AMERICAS,15500.0,LOJA 201 E 202 ,RECREIO DOS BANDEIRANTES,RIO DE JANEIRO,22790-702,RJ,NÃO,COMERCIAL,REDECINE - RIO CINEMATOGRAFICA S.A.,5348,07.524.011/0001-10,REGULAR,CINESYSTEM
5501,CINESYSTEM AMERICAS 07,5005003.0,07.524.011/0007-05,EM FUNCIONAMENTO,29/04/2021,11/12/2014,161.0,3.0,1.0,2.0,SIM,NÃO,SIM,REDECINE - RIO AMERICAS,28834,EM FUNCIONAMENTO,29/04/2021,,AV DAS AMERICAS,15500.0,LOJA 201 E 202 ,RECREIO DOS BANDEIRANTES,RIO DE JANEIRO,22790-702,RJ,NÃO,COMERCIAL,REDECINE - RIO CINEMATOGRAFICA S.A.,5348,07.524.011/0001-10,REGULAR,CINESYSTEM
5502,CINESYSTEM AMÉRICAS 08,5006100.0,07.524.011/0007-05,EM FUNCIONAMENTO,27/02/2024,30/08/2017,37.0,1.0,0.0,1.0,NÃO,NÃO,SIM,REDECINE - RIO AMERICAS,28834,EM FUNCIONAMENTO,29/04/2021,,AV DAS AMERICAS,15500.0,LOJA 201 E 202 ,RECREIO DOS BANDEIRANTES,RIO DE JANEIRO,22790-702,RJ,NÃO,COMERCIAL,REDECINE - RIO CINEMATOGRAFICA S.A.,5348,07.524.011/0001-10,REGULAR,CINESYSTEM
5503,CINESYSTEM AMÉRICAS 09,5006101.0,07.524.011/0007-05,EM FUNCIONAMENTO,05/06/2022,30/08/2018,46.0,1.0,0.0,1.0,NÃO,NÃO,SIM,REDECINE - RIO AMERICAS,28834,EM FUNCIONAMENTO,29/04/2021,,AV DAS AMERICAS,15500.0,LOJA 201 E 202 ,RECREIO DOS BANDEIRANTES,RIO DE JANEIRO,22790-702,RJ,NÃO,COMERCIAL,REDECINE - RIO CINEMATOGRAFICA S.A.,5348,07.524.011/0001-10,REGULAR,CINESYSTEM
5505,CINESYSTEM BANGU 01,5002131.0,07.524.011/0002-09,EM FUNCIONAMENTO,29/04/2021,28/11/2006,320.0,6.0,1.0,6.0,NÃO,NÃO,SIM,REDECINE - RIO BANGU,13236,EM FUNCIONAMENTO,29/04/2021,,RUA FONSECA ,240.0,LOJA 145,BANGU,RIO DE JANEIRO,21820-020,RJ,NÃO,COMERCIAL,REDECINE - RIO CINEMATOGRAFICA S.A.,5348,07.524.011/0001-10,REGULAR,CINESYSTEM
5506,CINESYSTEM BANGU 02,5002130.0,07.524.011/0002-09,EM FUNCIONAMENTO,29/04/2021,28/11/2006,373.0,3.0,1.0,3.0,NÃO,NÃO,SIM,REDECINE - RIO BANGU,13236,EM FUNCIONAMENTO,29/04/2021,,RUA FONSECA ,240.0,LOJA 145,BANGU,RIO DE JANEIRO,21820-020,RJ,NÃO,COMERCIAL,REDECINE - RIO CINEMATOGRAFICA S.A.,5348,07.524.011/0001-10,REGULAR,CINESYSTEM
5507,CINESYSTEM BANGU 03,5002133.0,07.524.011/0002-09,EM FUNCIONAMENTO,29/04/2021,28/11/2006,170.0,4.0,1.0,4.0,NÃO,NÃO,SIM,REDECINE - RIO BANGU,13236,EM FUNCIONAMENTO,29/04/2021,,RUA FONSECA ,240.0,LOJA 145,BANGU,RIO DE JANEIRO,21820-020,RJ,NÃO,COMERCIAL,REDECINE - RIO CINEMATOGRAFICA S.A.,5348,07.524.011/0001-10,REGULAR,CINESYSTEM
5508,CINESYSTEM BANGU 04,5002129.0,07.524.011/0002-09,EM FUNCIONAMENTO,29/04/2021,28/11/2006,190.0,4.0,1.0,4.0,NÃO,NÃO,SIM,REDECINE - RIO BANGU,13236,EM FUNCIONAMENTO,29/04/2021,,RUA FONSECA ,240.0,LOJA 145,BANGU,RIO DE JANEIRO,21820-020,RJ,NÃO,COMERCIAL,REDECINE - RIO CINEMATOGRAFICA S.A.,5348,07.524.011/0001-10,REGULAR,CINESYSTEM
5509,CINESYSTEM BANGU 05,5002134.0,07.524.011/0002-09,EM FUNCIONAMENTO,29/04/2021,28/11/2006,213.0,4.0,1.0,4.0,NÃO,NÃO,SIM,REDECINE - RIO BANGU,13236,EM FUNCIONAMENTO,29/04/2021,,RUA FONSECA ,240.0,LOJA 145,BANGU,RIO DE JANEIRO,21820-020,RJ,NÃO,COMERCIAL,REDECINE - RIO CINEMATOGRAFICA S.A.,5348,07.524.011/0001-10,REGULAR,CINESYSTEM
5510,CINESYSTEM BANGU 06,5002132.0,07.524.011/0002-09,EM FUNCIONAMENTO,29/04/2021,28/11/2006,180.0,4.0,1.0,4.0,NÃO,NÃO,SIM,REDECINE - RIO BANGU,13236,EM FUNCIONAMENTO,29/04/2021,,RUA FONSECA ,240.0,LOJA 145,BANGU,RIO DE JANEIRO,21820-020,RJ,NÃO,COMERCIAL,REDECINE - RIO CINEMATOGRAFICA S.A.,5348,07.524.011/0001-10,REGULAR,CINESYSTEM
5511,ILHA PLAZA 01,5002781.0,07.524.011/0003-81,EM FUNCIONAMENTO,29/04/2021,01/01/2010,279.0,4.0,1.0,4.0,NÃO,NÃO,SIM,REDECINE - RIO ILHA DO GOVERNADOR,16645,EM FUNCIONAMENTO,29/04/2021,,AV. MAESTRO PAULO E SILVA N° 400,400.0,PAV 6 PARTE G3,ILHA DO GOVERNADOR,RIO DE JANEIRO,21920-445,RJ,NÃO,COMERCIAL,REDECINE - RIO CINEMATOGRAFICA S.A.,5348,07.524.011/0001-10,REGULAR,CINESYSTEM
5512,ILHA PLAZA 02,5002782.0,07.524.011/0003-81,EM FUNCIONAMENTO,29/04/2021,01/01/2010,206.0,4.0,1.0,4.0,NÃO,NÃO,NÃO,REDECINE - RIO ILHA DO GOVERNADOR,16645,EM FUNCIONAMENTO,29/04/2021,,AV. MAESTRO PAULO E SILVA N° 400,400.0,PAV 6 PARTE G3,ILHA DO GOVERNADOR,RIO DE JANEIRO,21920-445,RJ,NÃO,COMERCIAL,REDECINE - RIO CINEMATOGRAFICA S.A.,5348,07.524.011/0001-10,REGULAR,CINESYSTEM
5513,ILHA PLAZA 03,5002780.0,07.524.011/0003-81,EM FUNCIONAMENTO,29/04/2021,01/01/2010,206.0,4.0,1.0,4.0,NÃO,NÃO,SIM,REDECINE - RIO ILHA DO GOVERNADOR,16645,EM FUNCIONAMENTO,29/04/2021,,AV. MAESTRO PAULO E SILVA N° 400,400.0,PAV 6 PARTE G3,ILHA DO GOVERNADOR,RIO DE JANEIRO,21920-445,RJ,NÃO,COMERCIAL,REDECINE - RIO CINEMATOGRAFICA S.A.,5348,07.524.011/0001-10,REGULAR,CINESYSTEM
5514,ILHA PLAZA 04,5002783.0,07.524.011/0003-81,EM FUNCIONAMENTO,31/03/2023,01/01/2010,276.0,4.0,1.0,4.0,NÃO,NÃO,SIM,REDECINE - RIO ILHA DO GOVERNADOR,16645,EM FUNCIONAMENTO,29/04/2021,,AV. MAESTRO PAULO E SILVA N° 400,400.0,PAV 6 PARTE G3,ILHA DO GOVERNADOR,RIO DE JANEIRO,21920-445,RJ,NÃO,COMERCIAL,REDECINE - RIO CINEMATOGRAFICA S.A.,5348,07.524.011/0001-10,REGULAR,CINESYSTEM
5515,CINESYSTEM VIA BRASIL 1,5003040.0,07.524.011/0004-62,EM FUNCIONAMENTO,29/04/2021,29/04/2011,147.0,3.0,1.0,3.0,NÃO,NÃO,SIM,REDECINE - RIO IRAJÁ,18721,EM FUNCIONAMENTO,29/04/2021,,RUA ITAPERA ,500.0,PISO 3°,IRAJÁ,RIO DE JANEIRO,21230-500,RJ,NÃO,COMERCIAL,REDECINE - RIO CINEMATOGRAFICA S.A.,5348,07.524.011/0001-10,REGULAR,CINESYSTEM
5516,CINESYSTEM VIA BRASIL 2,5003043.0,07.524.011/0004-62,EM FUNCIONAMENTO,29/04/2021,29/04/2011,196.0,4.0,1.0,4.0,SIM,NÃO,SIM,REDECINE - RIO IRAJÁ,18721,EM FUNCIONAMENTO,29/04/2021,,RUA ITAPERA ,500.0,PISO 3°,IRAJÁ,RIO DE JANEIRO,21230-500,RJ,NÃO,COMERCIAL,REDECINE - RIO CINEMATOGRAFICA S.A.,5348,07.524.011/0001-10,REGULAR,CINESYSTEM
5517,CINESYSTEM VIA BRASIL 3,5003042.0,07.524.011/0004-62,EM FUNCIONAMENTO,04/02/2023,29/04/2011,139.0,3.0,1.0,3.0,SIM,NÃO,SIM,REDECINE - RIO IRAJÁ,18721,EM FUNCIONAMENTO,29/04/2021,,RUA ITAPERA ,500.0,PISO 3°,IRAJÁ,RIO DE JANEIRO,21230-500,RJ,NÃO,COMERCIAL,REDECINE - RIO CINEMATOGRAFICA S.A.,5348,07.524.011/0001-10,REGULAR,CINESYSTEM
5518,CINESYSTEM VIA BRASIL 4,5003041.0,07.524.011/0004-62,EM FUNCIONAMENTO,13/05/2021,29/04/2011,239.0,6.0,1.0,6.0,SIM,NÃO,SIM,REDECINE - RIO IRAJÁ,18721,EM FUNCIONAMENTO,29/04/2021,,RUA ITAPERA ,500.0,PISO 3°,IRAJÁ,RIO DE JANEIRO,21230-500,RJ,NÃO,COMERCIAL,REDECINE - RIO CINEMATOGRAFICA S.A.,5348,07.524.011/0001-10,REGULAR,CINESYSTEM
5519,CINESYSTEM VIA BRASIL 5,5003039.0,07.524.011/0004-62,EM FUNCIONAMENTO,29/04/2021,29/04/2011,218.0,4.0,1.0,4.0,NÃO,NÃO,SIM,REDECINE - RIO IRAJÁ,18721,EM FUNCIONAMENTO,29/04/2021,,RUA ITAPERA ,500.0,PISO 3°,IRAJÁ,RIO DE JANEIRO,21230-500,RJ,NÃO,COMERCIAL,REDECINE - RIO CINEMATOGRAFICA S.A.,5348,07.524.011/0001-10,REGULAR,CINESYSTEM
5520,CINESYSTEM VIA BRASIL 6,5003044.0,07.524.011/0004-62,EM FUNCIONAMENTO,29/04/2021,29/04/2011,188.0,4.0,1.0,4.0,NÃO,NÃO,SIM,REDECINE - RIO IRAJÁ,18721,EM FUNCIONAMENTO,29/04/2021,,RUA ITAPERA ,500.0,PISO 3°,IRAJÁ,RIO DE JANEIRO,21230-500,RJ,NÃO,COMERCIAL,REDECINE - RIO CINEMATOGRAFICA S.A.,5348,07.524.011/0001-10,REGULAR,CINESYSTEM
5521,CINESYSTEM PARQUE SHOPPING SULACAP SALA 08,5006102.0,07.524.011/0006-24,EM FUNCIONAMENTO,22/06/2023,30/08/2018,57.0,2.0,0.0,1.0,NÃO,NÃO,SIM,REDECINE - RIO PQ SHOP SULACAP,28835,EM FUNCIONAMENTO,29/04/2021,,AV MARECHAL FONTENELLE,3545.0,LUC 246 PQ. SHO,CAMPO DOS AFONSOS,RIO DE JANEIRO,21740-001,RJ,NÃO,COMERCIAL,REDECINE - RIO CINEMATOGRAFICA S.A.,5348,07.524.011/0001-10,REGULAR,CINESYSTEM
5522,CINESYSTEM PARQUE SHOPPING SULACAP SALA 09,5006103.0,07.524.011/0006-24,EM FUNCIONAMENTO,27/06/2024,30/08/2018,57.0,2.0,0.0,1.0,NÃO,NÃO,SIM,REDECINE - RIO PQ SHOP SULACAP,28835,EM FUNCIONAMENTO,29/04/2021,,AV MARECHAL FONTENELLE,3545.0,LUC 246 PQ. SHO,CAMPO DOS AFONSOS,RIO DE JANEIRO,21740-001,RJ,NÃO,COMERCIAL,REDECINE - RIO CINEMATOGRAFICA S.A.,5348,07.524.011/0001-10,REGULAR,CINESYSTEM
5523,CINESYSTEM S SULACAP 01,5005004.0,07.524.011/0006-24,EM FUNCIONAMENTO,29/04/2021,11/12/2014,265.0,4.0,1.0,4.0,SIM,NÃO,SIM,REDECINE - RIO PQ SHOP SULACAP,28835,EM FUNCIONAMENTO,29/04/2021,,AV MARECHAL FONTENELLE,3545.0,LUC 246 PQ. SHO,CAMPO DOS AFONSOS,RIO DE JANEIRO,21740-001,RJ,NÃO,COMERCIAL,REDECINE - RIO CINEMATOGRAFICA S.A.,5348,07.524.011/0001-10,REGULAR,CINESYSTEM
5524,CINESYSTEM S SULACAP 02,5005005.0,07.524.011/0006-24,EM FUNCIONAMENTO,29/04/2021,11/12/2014,168.0,3.0,1.0,2.0,SIM,NÃO,SIM,REDECINE - RIO PQ SHOP SULACAP,28835,EM FUNCIONAMENTO,29/04/2021,,AV MARECHAL FONTENELLE,3545.0,LUC 246 PQ. SHO,CAMPO DOS AFONSOS,RIO DE JANEIRO,21740-001,RJ,NÃO,COMERCIAL,REDECINE - RIO CINEMATOGRAFICA S.A.,5348,07.524.011/0001-10,REGULAR,CINESYSTEM
5525,CINESYSTEM S SULACAP 03,5005006.0,07.524.011/0006-24,EM FUNCIONAMENTO,29/04/2021,11/12/2014,168.0,3.0,1.0,2.0,SIM,NÃO,SIM,REDECINE - RIO PQ SHOP SULACAP,28835,EM FUNCIONAMENTO,29/04/2021,,AV MARECHAL FONTENELLE,3545.0,LUC 246 PQ. SHO,CAMPO DOS AFONSOS,RIO DE JANEIRO,21740-001,RJ,NÃO,COMERCIAL,REDECINE - RIO CINEMATOGRAFICA S.A.,5348,07.524.011/0001-10,REGULAR,CINESYSTEM
5526,CINESYSTEM S SULACAP 04,5005007.0,07.524.011/0006-24,EM FUNCIONAMENTO,29/04/2021,11/12/2014,157.0,3.0,1.0,2.0,SIM,NÃO,SIM,REDECINE - RIO PQ SHOP SULACAP,28835,EM FUNCIONAMENTO,29/04/2021,,AV MARECHAL FONTENELLE,3545.0,LUC 246 PQ. SHO,CAMPO DOS AFONSOS,RIO DE JANEIRO,21740-001,RJ,NÃO,COMERCIAL,REDECINE - RIO CINEMATOGRAFICA S.A.,5348,07.524.011/0001-10,REGULAR,CINESYSTEM
5527,CINESYSTEM S SULACAP 05,5005008.0,07.524.011/0006-24,EM FUNCIONAMENTO,29/04/2021,11/12/2014,157.0,3.0,1.0,2.0,SIM,NÃO,SIM,REDECINE - RIO PQ SHOP SULACAP,28835,EM FUNCIONAMENTO,29/04/2021,,AV MARECHAL FONTENELLE,3545.0,LUC 246 PQ. SHO,CAMPO DOS AFONSOS,RIO DE JANEIRO,21740-001,RJ,NÃO,COMERCIAL,REDECINE - RIO CINEMATOGRAFICA S.A.,5348,07.524.011/0001-10,REGULAR,CINESYSTEM
5528,CINESYSTEM S SULACAP 06,5005009.0,07.524.011/0006-24,EM FUNCIONAMENTO,29/04/2021,11/12/2014,112.0,2.0,1.0,2.0,SIM,NÃO,SIM,REDECINE - RIO PQ SHOP SULACAP,28835,EM FUNCIONAMENTO,29/04/2021,,AV MARECHAL FONTENELLE,3545.0,LUC 246 PQ. SHO,CAMPO DOS AFONSOS,RIO DE JANEIRO,21740-001,RJ,NÃO,COMERCIAL,REDECINE - RIO CINEMATOGRAFICA S.A.,5348,07.524.011/0001-10,REGULAR,CINESYSTEM
5529,CINESYSTEM S SULACAP 07,5005010.0,07.524.011/0006-24,EM FUNCIONAMENTO,28/06/2021,11/12/2014,99.0,2.0,1.0,1.0,SIM,NÃO,SIM,REDECINE - RIO PQ SHOP SULACAP,28835,EM FUNCIONAMENTO,29/04/2021,,AV MARECHAL FONTENELLE,3545.0,LUC 246 PQ. SHO,CAMPO DOS AFONSOS,RIO DE JANEIRO,21740-001,RJ,NÃO,COMERCIAL,REDECINE - RIO CINEMATOGRAFICA S.A.,5348,07.524.011/0001-10,REGULAR,CINESYSTEM
5530,CINESYSTEM CINEMAS 1,5001650.0,07.524.011/0001-10,EM FUNCIONAMENTO,29/04/2021,29/07/2005,289.0,2.0,1.0,4.0,NÃO,NÃO,SIM,REDECINE - RIO RECREIO DOS BANDEIRANTES,6691,EM FUNCIONAMENTO,29/04/2021,HTTP://CINESYSTEM.COM.BR,AV DAS AMÉRICAS ,19019.0,LOJA 204B,RECREIO DO BANDEIRANTES,RIO DE JANEIRO,22640-101,RJ,NÃO,COMERCIAL,REDECINE - RIO CINEMATOGRAFICA S.A.,5348,07.524.011/0001-10,REGULAR,CINESYSTEM
5531,CINESYSTEM CINEMAS 2,5001651.0,07.524.011/0001-10,EM FUNCIONAMENTO,29/04/2021,29/07/2005,289.0,2.0,1.0,4.0,NÃO,NÃO,SIM,REDECINE - RIO RECREIO DOS BANDEIRANTES,6691,EM FUNCIONAMENTO,29/04/2021,HTTP://CINESYSTEM.COM.BR,AV DAS AMÉRICAS ,19019.0,LOJA 204B,RECREIO DO BANDEIRANTES,RIO DE JANEIRO,22640-101,RJ,NÃO,COMERCIAL,REDECINE - RIO CINEMATOGRAFICA S.A.,5348,07.524.011/0001-10,REGULAR,CINESYSTEM
5532,CINESYSTEM CINEMAS 3,5001652.0,07.524.011/0001-10,EM FUNCIONAMENTO,29/04/2021,29/07/2005,213.0,2.0,1.0,4.0,SIM,NÃO,SIM,REDECINE - RIO RECREIO DOS BANDEIRANTES,6691,EM FUNCIONAMENTO,29/04/2021,HTTP://CINESYSTEM.COM.BR,AV DAS AMÉRICAS ,19019.0,LOJA 204B,RECREIO DO BANDEIRANTES,RIO DE JANEIRO,22640-101,RJ,NÃO,COMERCIAL,REDECINE - RIO CINEMATOGRAFICA S.A.,5348,07.524.011/0001-10,REGULAR,CINESYSTEM
5533,CINESYSTEM CINEMAS 4,5001653.0,07.524.011/0001-10,EM FUNCIONAMENTO,01/03/2024,29/07/2005,200.0,4.0,1.0,4.0,SIM,NÃO,SIM,REDECINE - RIO RECREIO DOS BANDEIRANTES,6691,EM FUNCIONAMENTO,29/04/2021,HTTP://CINESYSTEM.COM.BR,AV DAS AMÉRICAS ,19019.0,LOJA 204B,RECREIO DO BANDEIRANTES,RIO DE JANEIRO,22640-101,RJ,NÃO,COMERCIAL,REDECINE - RIO CINEMATOGRAFICA S.A.,5348,07.524.011/0001-10,REGULAR,CINESYSTEM
5846,NEW YORK CITY CENTER - SALA 02,5000766.0,01.289.530/0005-98,EM FUNCIONAMENTO,08/04/2021,04/11/1999,227.0,5.0,3.0,2.0,SIM,NÃO,SIM,UCI BRASIL - NEW YORK,2620,EM FUNCIONAMENTO,08/04/2021,HTTP://UCICINEMAS.COM.BR,AV. DAS AMÉRICAS,5000.0,LOJA 301 ,BARRA DA TIJUCA ,RIO DE JANEIRO,22640-102,RJ,NÃO,COMERCIAL,UNITED CINEMAS INTERNATIONAL BRASIL LTDA.,749,01.289.530/0001-64,REGULAR,UCI
5847,NEW YORK CITY CENTER - SALA 03,5000767.0,01.289.530/0005-98,EM FUNCIONAMENTO,08/04/2021,04/11/1999,365.0,8.0,5.0,3.0,SIM,NÃO,SIM,UCI BRASIL - NEW YORK,2620,EM FUNCIONAMENTO,08/04/2021,HTTP://UCICINEMAS.COM.BR,AV. DAS AMÉRICAS,5000.0,LOJA 301 ,BARRA DA TIJUCA ,RIO DE JANEIRO,22640-102,RJ,NÃO,COMERCIAL,UNITED CINEMAS INTERNATIONAL BRASIL LTDA.,749,01.289.530/0001-64,REGULAR,UCI
5848,NEW YORK CITY CENTER - SALA 04,5000768.0,01.289.530/0005-98,EM FUNCIONAMENTO,08/04/2021,04/11/1999,348.0,9.0,7.0,4.0,SIM,NÃO,SIM,UCI BRASIL - NEW YORK,2620,EM FUNCIONAMENTO,08/04/2021,HTTP://UCICINEMAS.COM.BR,AV. DAS AMÉRICAS,5000.0,LOJA 301 ,BARRA DA TIJUCA ,RIO DE JANEIRO,22640-102,RJ,NÃO,COMERCIAL,UNITED CINEMAS INTERNATIONAL BRASIL LTDA.,749,01.289.530/0001-64,REGULAR,UCI
5849,NEW YORK CITY CENTER - SALA 05,5000769.0,01.289.530/0005-98,EM FUNCIONAMENTO,08/04/2021,04/11/1999,288.0,6.0,3.0,3.0,SIM,NÃO,SIM,UCI BRASIL - NEW YORK,2620,EM FUNCIONAMENTO,08/04/2021,HTTP://UCICINEMAS.COM.BR,AV. DAS AMÉRICAS,5000.0,LOJA 301 ,BARRA DA TIJUCA ,RIO DE JANEIRO,22640-102,RJ,NÃO,COMERCIAL,UNITED CINEMAS INTERNATIONAL BRASIL LTDA.,749,01.289.530/0001-64,REGULAR,UCI
5851,NEW YORK CITY CENTER - SALA 07,5000771.0,01.289.530/0005-98,EM FUNCIONAMENTO,08/04/2021,04/11/1999,158.0,4.0,2.0,2.0,SIM,NÃO,SIM,UCI BRASIL - NEW YORK,2620,EM FUNCIONAMENTO,08/04/2021,HTTP://UCICINEMAS.COM.BR,AV. DAS AMÉRICAS,5000.0,LOJA 301 ,BARRA DA TIJUCA ,RIO DE JANEIRO,22640-102,RJ,NÃO,COMERCIAL,UNITED CINEMAS INTERNATIONAL BRASIL LTDA.,749,01.289.530/0001-64,REGULAR,UCI
5852,NEW YORK CITY CENTER - SALA 08,5000772.0,01.289.530/0005-98,EM FUNCIONAMENTO,08/04/2021,04/11/1999,124.0,3.0,3.0,1.0,SIM,NÃO,SIM,UCI BRASIL - NEW YORK,2620,EM FUNCIONAMENTO,08/04/2021,HTTP://UCICINEMAS.COM.BR,AV. DAS AMÉRICAS,5000.0,LOJA 301 ,BARRA DA TIJUCA ,RIO DE JANEIRO,22640-102,RJ,NÃO,COMERCIAL,UNITED CINEMAS INTERNATIONAL BRASIL LTDA.,749,01.289.530/0001-64,REGULAR,UCI
5853,NEW YORK CITY CENTER - SALA 09,5000773.0,01.289.530/0005-98,EM FUNCIONAMENTO,08/04/2021,04/11/1999,63.0,2.0,2.0,1.0,SIM,NÃO,SIM,UCI BRASIL - NEW YORK,2620,EM FUNCIONAMENTO,08/04/2021,HTTP://UCICINEMAS.COM.BR,AV. DAS AMÉRICAS,5000.0,LOJA 301 ,BARRA DA TIJUCA ,RIO DE JANEIRO,22640-102,RJ,NÃO,COMERCIAL,UNITED CINEMAS INTERNATIONAL BRASIL LTDA.,749,01.289.530/0001-64,REGULAR,UCI
5855,NEW YORK CITY CENTER - SALA 11,5000775.0,01.289.530/0005-98,EM FUNCIONAMENTO,08/04/2021,04/11/1999,112.0,3.0,3.0,0.0,SIM,NÃO,SIM,UCI BRASIL - NEW YORK,2620,EM FUNCIONAMENTO,08/04/2021,HTTP://UCICINEMAS.COM.BR,AV. DAS AMÉRICAS,5000.0,LOJA 301 ,BARRA DA TIJUCA ,RIO DE JANEIRO,22640-102,RJ,NÃO,COMERCIAL,UNITED CINEMAS INTERNATIONAL BRASIL LTDA.,749,01.289.530/0001-64,REGULAR,UCI
5856,NEW YORK CITY CENTER - SALA 12,5000776.0,01.289.530/0005-98,EM FUNCIONAMENTO,08/04/2021,04/11/1999,242.0,5.0,2.0,3.0,SIM,NÃO,SIM,UCI BRASIL - NEW YORK,2620,EM FUNCIONAMENTO,08/04/2021,HTTP://UCICINEMAS.COM.BR,AV. DAS AMÉRICAS,5000.0,LOJA 301 ,BARRA DA TIJUCA ,RIO DE JANEIRO,22640-102,RJ,NÃO,COMERCIAL,UNITED CINEMAS INTERNATIONAL BRASIL LTDA.,749,01.289.530/0001-64,REGULAR,UCI
5857,NEW YORK CITY CENTER - SALA 13,5000777.0,01.289.530/0005-98,EM FUNCIONAMENTO,08/04/2021,04/11/1999,377.0,8.0,8.0,4.0,SIM,NÃO,SIM,UCI BRASIL - NEW YORK,2620,EM FUNCIONAMENTO,08/04/2021,HTTP://UCICINEMAS.COM.BR,AV. DAS AMÉRICAS,5000.0,LOJA 301 ,BARRA DA TIJUCA ,RIO DE JANEIRO,22640-102,RJ,NÃO,COMERCIAL,UNITED CINEMAS INTERNATIONAL BRASIL LTDA.,749,01.289.530/0001-64,REGULAR,UCI
5858,NEW YORK CITY CENTER - SALA 14,5000778.0,01.289.530/0005-98,EM FUNCIONAMENTO,08/04/2021,04/11/1999,239.0,5.0,2.0,3.0,SIM,NÃO,SIM,UCI BRASIL - NEW YORK,2620,EM FUNCIONAMENTO,08/04/2021,HTTP://UCICINEMAS.COM.BR,AV. DAS AMÉRICAS,5000.0,LOJA 301 ,BARRA DA TIJUCA ,RIO DE JANEIRO,22640-102,RJ,NÃO,COMERCIAL,UNITED CINEMAS INTERNATIONAL BRASIL LTDA.,749,01.289.530/0001-64,REGULAR,UCI
5859,NEW YORK CITY CENTER - SALA 15,5000779.0,01.289.530/0005-98,EM FUNCIONAMENTO,08/04/2021,04/11/1999,204.0,4.0,3.0,2.0,SIM,NÃO,SIM,UCI BRASIL - NEW YORK,2620,EM FUNCIONAMENTO,08/04/2021,HTTP://UCICINEMAS.COM.BR,AV. DAS AMÉRICAS,5000.0,LOJA 301 ,BARRA DA TIJUCA ,RIO DE JANEIRO,22640-102,RJ,NÃO,COMERCIAL,UNITED CINEMAS INTERNATIONAL BRASIL LTDA.,749,01.289.530/0001-64,REGULAR,UCI
5861,NEW YORK CITY CENTER - SALA 17,5000781.0,01.289.530/0005-98,EM FUNCIONAMENTO,08/04/2021,04/11/1999,282.0,6.0,3.0,3.0,SIM,NÃO,SIM,UCI BRASIL - NEW YORK,2620,EM FUNCIONAMENTO,08/04/2021,HTTP://UCICINEMAS.COM.BR,AV. DAS AMÉRICAS,5000.0,LOJA 301 ,BARRA DA TIJUCA ,RIO DE JANEIRO,22640-102,RJ,NÃO,COMERCIAL,UNITED CINEMAS INTERNATIONAL BRASIL LTDA.,749,01.289.530/0001-64,REGULAR,UCI
5862,NEW YORK CITY CENTER - SALA 18,5000782.0,01.289.530/0005-98,EM FUNCIONAMENTO,27/06/2024,04/11/1999,268.0,6.0,3.0,3.0,SIM,NÃO,SIM,UCI BRASIL - NEW YORK,2620,EM FUNCIONAMENTO,08/04/2021,HTTP://UCICINEMAS.COM.BR,AV. DAS AMÉRICAS,5000.0,LOJA 301 ,BARRA DA TIJUCA ,RIO DE JANEIRO,22640-102,RJ,NÃO,COMERCIAL,UNITED CINEMAS INTERNATIONAL BRASIL LTDA.,749,01.289.530/0001-64,REGULAR,UCI
5871,UCI BRASIL - PARK CG - SALA 06,5003763.0,01.289.530/0011-36,EM FUNCIONAMENTO,08/04/2021,01/02/2013,125.0,4.0,2.0,1.0,SIM,NÃO,SIM,UCI BRASIL - PARK SHOPPING CAMPO GRANDE,23929,EM FUNCIONAMENTO,08/04/2021,WWW.UCICINEMAS.COM.BR,ESTRADA DO MONTEIRO,1200.0,LOJA 109,CAMPO GRANDE,RIO DE JANEIRO,23045-830,RJ,NÃO,COMERCIAL,UNITED CINEMAS INTERNATIONAL BRASIL LTDA.,749,01.289.530/0001-64,REGULAR,UCI
5872,UCI BRASIL - PARK SHOPPING - SALA 1,5003764.0,01.289.530/0011-36,EM FUNCIONAMENTO,08/04/2021,01/02/2013,343.0,7.0,4.0,3.0,SIM,NÃO,SIM,UCI BRASIL - PARK SHOPPING CAMPO GRANDE,23929,EM FUNCIONAMENTO,08/04/2021,WWW.UCICINEMAS.COM.BR,ESTRADA DO MONTEIRO,1200.0,LOJA 109,CAMPO GRANDE,RIO DE JANEIRO,23045-830,RJ,NÃO,COMERCIAL,UNITED CINEMAS INTERNATIONAL BRASIL LTDA.,749,01.289.530/0001-64,REGULAR,UCI
5873,UCI BRASIL - PARK SHOPPING CG - SALA 2,5003765.0,01.289.530/0011-36,EM FUNCIONAMENTO,08/04/2021,01/02/2013,181.0,4.0,2.0,2.0,SIM,NÃO,SIM,UCI BRASIL - PARK SHOPPING CAMPO GRANDE,23929,EM FUNCIONAMENTO,08/04/2021,WWW.UCICINEMAS.COM.BR,ESTRADA DO MONTEIRO,1200.0,LOJA 109,CAMPO GRANDE,RIO DE JANEIRO,23045-830,RJ,NÃO,COMERCIAL,UNITED CINEMAS INTERNATIONAL BRASIL LTDA.,749,01.289.530/0001-64,REGULAR,UCI
5874,UCI BRASIL - SHOPPING CG - SALA 03,5003766.0,01.289.530/0011-36,EM FUNCIONAMENTO,08/04/2021,01/02/2013,171.0,4.0,2.0,2.0,SIM,NÃO,SIM,UCI BRASIL - PARK SHOPPING CAMPO GRANDE,23929,EM FUNCIONAMENTO,08/04/2021,WWW.UCICINEMAS.COM.BR,ESTRADA DO MONTEIRO,1200.0,LOJA 109,CAMPO GRANDE,RIO DE JANEIRO,23045-830,RJ,NÃO,COMERCIAL,UNITED CINEMAS INTERNATIONAL BRASIL LTDA.,749,01.289.530/0001-64,REGULAR,UCI
5875,UCI BRASIL CG - SALA 05,5003756.0,01.289.530/0011-36,EM FUNCIONAMENTO,08/04/2021,01/02/2013,183.0,4.0,2.0,2.0,SIM,NÃO,SIM,UCI BRASIL - PARK SHOPPING CAMPO GRANDE,23929,EM FUNCIONAMENTO,08/04/2021,WWW.UCICINEMAS.COM.BR,ESTRADA DO MONTEIRO,1200.0,LOJA 109,CAMPO GRANDE,RIO DE JANEIRO,23045-830,RJ,NÃO,COMERCIAL,UNITED CINEMAS INTERNATIONAL BRASIL LTDA.,749,01.289.530/0001-64,REGULAR,UCI
5876,UCI BRASIL PARK CG - SALA 04,5003762.0,01.289.530/0011-36,EM FUNCIONAMENTO,08/04/2021,01/02/2013,313.0,7.0,4.0,3.0,SIM,NÃO,SIM,UCI BRASIL - PARK SHOPPING CAMPO GRANDE,23929,EM FUNCIONAMENTO,08/04/2021,WWW.UCICINEMAS.COM.BR,ESTRADA DO MONTEIRO,1200.0,LOJA 109,CAMPO GRANDE,RIO DE JANEIRO,23045-830,RJ,NÃO,COMERCIAL,UNITED CINEMAS INTERNATIONAL BRASIL LTDA.,749,01.289.530/0001-64,REGULAR,UCI
5877,UCI BRASIL SPCG - SALA 07,5003755.0,01.289.530/0011-36,EM FUNCIONAMENTO,08/04/2021,01/02/2013,321.0,7.0,4.0,3.0,SIM,NÃO,SIM,UCI BRASIL - PARK SHOPPING CAMPO GRANDE,23929,EM FUNCIONAMENTO,08/04/2021,WWW.UCICINEMAS.COM.BR,ESTRADA DO MONTEIRO,1200.0,LOJA 109,CAMPO GRANDE,RIO DE JANEIRO,23045-830,RJ,NÃO,COMERCIAL,UNITED CINEMAS INTERNATIONAL BRASIL LTDA.,749,01.289.530/0001-64,REGULAR,UCI
5982,UCI PARK JACAREPAGUÁ 1,5006739.0,01.289.530/0018-02,EM FUNCIONAMENTO,16/12/2021,16/12/2021,196.0,4.0,0.0,4.0,SIM,NÃO,SIM,UCI PARK JACAREPAGUÁ,50201,EM FUNCIONAMENTO,16/12/2021,www.ucicinemas.com.br,EST DE JACAREPAGUA,6069.0,NV L3 LUC COB 2,JACAREPAGUA,RIO DE JANEIRO,22753-033,RJ,NÃO,COMERCIAL,UNITED CINEMAS INTERNATIONAL BRASIL LTDA.,749,01.289.530/0001-64,REGULAR,UCI
5983,UCI PARK JACAREPAGUÁ 2,5006740.0,01.289.530/0018-02,EM FUNCIONAMENTO,16/12/2021,16/12/2021,103.0,2.0,0.0,2.0,SIM,NÃO,SIM,UCI PARK JACAREPAGUÁ,50201,EM FUNCIONAMENTO,16/12/2021,www.ucicinemas.com.br,EST DE JACAREPAGUA,6069.0,NV L3 LUC COB 2,JACAREPAGUA,RIO DE JANEIRO,22753-033,RJ,NÃO,COMERCIAL,UNITED CINEMAS INTERNATIONAL BRASIL LTDA.,749,01.289.530/0001-64,REGULAR,UCI
5984,UCI PARK JACAREPAGUÁ 3,5006741.0,01.289.530/0018-02,EM FUNCIONAMENTO,16/12/2021,16/12/2021,120.0,3.0,0.0,3.0,SIM,NÃO,SIM,UCI PARK JACAREPAGUÁ,50201,EM FUNCIONAMENTO,16/12/2021,www.ucicinemas.com.br,EST DE JACAREPAGUA,6069.0,NV L3 LUC COB 2,JACAREPAGUA,RIO DE JANEIRO,22753-033,RJ,NÃO,COMERCIAL,UNITED CINEMAS INTERNATIONAL BRASIL LTDA.,749,01.289.530/0001-64,REGULAR,UCI
5985,UCI PARK JACAREPAGUÁ 4,5006742.0,01.289.530/0018-02,EM FUNCIONAMENTO,16/12/2021,16/12/2021,194.0,4.0,0.0,4.0,SIM,NÃO,SIM,UCI PARK JACAREPAGUÁ,50201,EM FUNCIONAMENTO,16/12/2021,www.ucicinemas.com.br,EST DE JACAREPAGUA,6069.0,NV L3 LUC COB 2,JACAREPAGUA,RIO DE JANEIRO,22753-033,RJ,NÃO,COMERCIAL,UNITED CINEMAS INTERNATIONAL BRASIL LTDA.,749,01.289.530/0001-64,REGULAR,UCI
5986,UCI PARK JACAREPAGUÁ 5,5006743.0,01.289.530/0018-02,EM FUNCIONAMENTO,16/12/2021,16/12/2021,361.0,7.0,0.0,4.0,SIM,NÃO,SIM,UCI PARK JACAREPAGUÁ,50201,EM FUNCIONAMENTO,16/12/2021,www.ucicinemas.com.br,EST DE JACAREPAGUA,6069.0,NV L3 LUC COB 2,JACAREPAGUA,RIO DE JANEIRO,22753-033,RJ,NÃO,COMERCIAL,UNITED CINEMAS INTERNATIONAL BRASIL LTDA.,749,01.289.530/0001-64,REGULAR,UCI
5987,UCI PARK JACAREPAGUÁ 6,5006744.0,01.289.530/0018-02,EM FUNCIONAMENTO,16/12/2021,16/12/2021,180.0,4.0,0.0,4.0,SIM,NÃO,SIM,UCI PARK JACAREPAGUÁ,50201,EM FUNCIONAMENTO,16/12/2021,www.ucicinemas.com.br,EST DE JACAREPAGUA,6069.0,NV L3 LUC COB 2,JACAREPAGUA,RIO DE JANEIRO,22753-033,RJ,NÃO,COMERCIAL,UNITED CINEMAS INTERNATIONAL BRASIL LTDA.,749,01.289.530/0001-64,REGULAR,UCI
6001,UCI - KINOPLEX NORTE SHOPPING - SALA 01,5002056.0,02.117.937/0005-09,EM FUNCIONAMENTO,08/04/2021,09/03/2007,241.0,2.0,3.0,2.0,SIM,NÃO,SIM,UCI RIBEIRO - NORTE SHOPPING,12748,EM FUNCIONAMENTO,08/04/2021,WWW.UCICINEMAS.COM.BR,AVENIDA DOM HÉLDER CÂMARA,5080.0,SALÃO COMERCIAL 4508 PISO S,PILARES,RIO DE JANEIRO,20771-001,RJ,NÃO,COMERCIAL,UCI RIBEIRO LTDA,2612,02.117.937/0001-77,REGULAR,UCI RIBEIRO
6002,UCI - KINOPLEX NORTE SHOPPING - SALA 02,5002051.0,02.117.937/0005-09,EM FUNCIONAMENTO,08/04/2021,09/03/2007,181.0,2.0,2.0,2.0,SIM,NÃO,SIM,UCI RIBEIRO - NORTE SHOPPING,12748,EM FUNCIONAMENTO,08/04/2021,WWW.UCICINEMAS.COM.BR,AVENIDA DOM HÉLDER CÂMARA,5080.0,SALÃO COMERCIAL 4508 PISO S,PILARES,RIO DE JANEIRO,20771-001,RJ,NÃO,COMERCIAL,UCI RIBEIRO LTDA,2612,02.117.937/0001-77,REGULAR,UCI RIBEIRO
6003,UCI - KINOPLEX NORTE SHOPPING - SALA 03,5002057.0,02.117.937/0005-09,EM FUNCIONAMENTO,08/04/2021,09/03/2007,169.0,2.0,2.0,2.0,SIM,NÃO,SIM,UCI RIBEIRO - NORTE SHOPPING,12748,EM FUNCIONAMENTO,08/04/2021,WWW.UCICINEMAS.COM.BR,AVENIDA DOM HÉLDER CÂMARA,5080.0,SALÃO COMERCIAL 4508 PISO S,PILARES,RIO DE JANEIRO,20771-001,RJ,NÃO,COMERCIAL,UCI RIBEIRO LTDA,2612,02.117.937/0001-77,REGULAR,UCI RIBEIRO
6004,UCI - KINOPLEX NORTE SHOPPING - SALA 04,5002050.0,02.117.937/0005-09,EM FUNCIONAMENTO,08/04/2021,09/03/2007,177.0,2.0,2.0,2.0,SIM,NÃO,SIM,UCI RIBEIRO - NORTE SHOPPING,12748,EM FUNCIONAMENTO,08/04/2021,WWW.UCICINEMAS.COM.BR,AVENIDA DOM HÉLDER CÂMARA,5080.0,SALÃO COMERCIAL 4508 PISO S,PILARES,RIO DE JANEIRO,20771-001,RJ,NÃO,COMERCIAL,UCI RIBEIRO LTDA,2612,02.117.937/0001-77,REGULAR,UCI RIBEIRO
6005,UCI - KINOPLEX NORTE SHOPPING - SALA 05,5002054.0,02.117.937/0005-09,EM FUNCIONAMENTO,08/04/2021,09/03/2007,418.0,4.0,5.0,4.0,SIM,NÃO,SIM,UCI RIBEIRO - NORTE SHOPPING,12748,EM FUNCIONAMENTO,08/04/2021,WWW.UCICINEMAS.COM.BR,AVENIDA DOM HÉLDER CÂMARA,5080.0,SALÃO COMERCIAL 4508 PISO S,PILARES,RIO DE JANEIRO,20771-001,RJ,NÃO,COMERCIAL,UCI RIBEIRO LTDA,2612,02.117.937/0001-77,REGULAR,UCI RIBEIRO
6006,UCI - KINOPLEX NORTE SHOPPING - SALA 06,5002055.0,02.117.937/0005-09,EM FUNCIONAMENTO,08/04/2021,09/03/2007,418.0,4.0,5.0,4.0,SIM,NÃO,SIM,UCI RIBEIRO - NORTE SHOPPING,12748,EM FUNCIONAMENTO,08/04/2021,WWW.UCICINEMAS.COM.BR,AVENIDA DOM HÉLDER CÂMARA,5080.0,SALÃO COMERCIAL 4508 PISO S,PILARES,RIO DE JANEIRO,20771-001,RJ,NÃO,COMERCIAL,UCI RIBEIRO LTDA,2612,02.117.937/0001-77,REGULAR,UCI RIBEIRO
6007,UCI - KINOPLEX NORTE SHOPPING - SALA 07,5002059.0,02.117.937/0005-09,EM FUNCIONAMENTO,20/06/2024,09/03/2007,164.0,2.0,2.0,2.0,SIM,NÃO,SIM,UCI RIBEIRO - NORTE SHOPPING,12748,EM FUNCIONAMENTO,08/04/2021,WWW.UCICINEMAS.COM.BR,AVENIDA DOM HÉLDER CÂMARA,5080.0,SALÃO COMERCIAL 4508 PISO S,PILARES,RIO DE JANEIRO,20771-001,RJ,NÃO,COMERCIAL,UCI RIBEIRO LTDA,2612,02.117.937/0001-77,REGULAR,UCI RIBEIRO
6008,UCI - KINOPLEX NORTE SHOPPING - SALA 08,5002053.0,02.117.937/0005-09,EM FUNCIONAMENTO,08/04/2021,09/03/2007,158.0,2.0,2.0,2.0,SIM,NÃO,SIM,UCI RIBEIRO - NORTE SHOPPING,12748,EM FUNCIONAMENTO,08/04/2021,WWW.UCICINEMAS.COM.BR,AVENIDA DOM HÉLDER CÂMARA,5080.0,SALÃO COMERCIAL 4508 PISO S,PILARES,RIO DE JANEIRO,20771-001,RJ,NÃO,COMERCIAL,UCI RIBEIRO LTDA,2612,02.117.937/0001-77,REGULAR,UCI RIBEIRO
6009,UCI - KINOPLEX NORTE SHOPPING - SALA 09,5002058.0,02.117.937/0005-09,EM FUNCIONAMENTO,08/04/2021,09/03/2007,166.0,2.0,2.0,2.0,SIM,NÃO,SIM,UCI RIBEIRO - NORTE SHOPPING,12748,EM FUNCIONAMENTO,08/04/2021,WWW.UCICINEMAS.COM.BR,AVENIDA DOM HÉLDER CÂMARA,5080.0,SALÃO COMERCIAL 4508 PISO S,PILARES,RIO DE JANEIRO,20771-001,RJ,NÃO,COMERCIAL,UCI RIBEIRO LTDA,2612,02.117.937/0001-77,REGULAR,UCI RIBEIRO
6010,UCI - KINOPLEX NORTE SHOPPING - SALA 10,5002052.0,02.117.937/0005-09,EM FUNCIONAMENTO,08/04/2021,09/03/2007,227.0,4.0,3.0,2.0,SIM,NÃO,SIM,UCI RIBEIRO - NORTE SHOPPING,12748,EM FUNCIONAMENTO,08/04/2021,WWW.UCICINEMAS.COM.BR,AVENIDA DOM HÉLDER CÂMARA,5080.0,SALÃO COMERCIAL 4508 PISO S,PILARES,RIO DE JANEIRO,20771-001,RJ,NÃO,COMERCIAL,UCI RIBEIRO LTDA,2612,02.117.937/0001-77,REGULAR,UCI RIBEIRO
